DATE (MM/DD/YYYY),MST,Temperature @ 2m [deg C],Relative Humidity [%],Station Pressure [mBar],Avg Wind Speed @ 2m [m/s],Avg Wind Direction @ 2m [deg]
1/11/2022,00:00,8.93,12.45,820.074,5.922,269.5
1/11/2022,00:01,8.96,12.54,820.169,4.606,245.3
1/11/2022,00:02,8.81,12.87,820.155,3.633,265.4
1/11/2022,00:03,8.64,12.99,820.162,2.237,244.3
1/11/2022,00:04,8.54,12.9,820.112,2.098,237.2
1/11/2022,00:05,8.44,12.97,820.089,2.788,290
1/11/2022,00:06,8.73,12.72,820.050,4.392,285.8
1/11/2022,00:07,8.86,12.86,820.011,3.374,275.7
1/11/2022,00:08,9.14,12.07,819.944,4.582,255.4
1/11/2022,00:09,9,12.6,819.969,4.393,284.3
1/11/2022,00:10,8.91,12.86,819.963,2.803,278.5
1/11/2022,00:11,8.8,13.09,819.936,3.135,278.4
1/11/2022,00:12,8.81,12.87,819.880,3.572,284.3
1/11/2022,00:13,8.82,12.73,819.883,3.654,269.8
1/11/2022,00:14,8.88,12.76,819.862,4.722,292.5
1/11/2022,00:15,8.92,12.67,819.868,5.277,279.6
1/11/2022,00:16,9.18,12.02,819.864,4.902,290.2
1/11/2022,00:17,9.3,11.8,819.839,4.105,266.7
1/11/2022,00:18,9.1,12.45,819.864,4.278,288.1
1/11/2022,00:19,9.04,12.31,819.808,4.865,288.7
1/11/2022,00:20,8.79,13.1,819.848,4.38,295.7
1/11/2022,00:21,8.8,12.73,819.809,5.253,285.6
1/11/2022,00:22,8.61,13.59,819.801,4.405,285.6
1/11/2022,00:23,8.51,13.77,819.806,4.439,281.9
1/11/2022,00:24,8.56,13.36,819.734,4.935,277.7
1/11/2022,00:25,8.75,13.11,819.678,5.916,296.2
1/11/2022,00:26,8.72,13.43,819.680,4.929,280.5
1/11/2022,00:27,8.61,13.92,819.7,5.567,285.8
1/11/2022,00:28,8.83,13.14,819.686,6.652,285.5
1/11/2022,00:29,9.04,12.35,819.716,4.714,288.6
1/11/2022,00:30,8.86,13.05,819.655,4.797,293.2
1/11/2022,00:31,8.6,13.99,819.654,5.377,281
1/11/2022,00:32,8.63,13.8,819.609,6.107,284.5
1/11/2022,00:33,8.7,13.63,819.625,6.589,287.3
1/11/2022,00:34,9,12.56,819.645,5.86,292.6
1/11/2022,00:35,9.16,12.27,819.635,4.829,291.3
1/11/2022,00:36,8.96,13.01,819.621,3.788,281.8
1/11/2022,00:37,8.76,13.62,819.569,5.09,282.2
1/11/2022,00:38,8.84,13.33,819.549,4.972,288.5
1/11/2022,00:39,9.05,12.63,819.476,6.729,297.6
1/11/2022,00:40,9.14,12.58,819.520,5.526,288.1
1/11/2022,00:41,9.04,13.12,819.484,6.507,276.8
1/11/2022,00:42,9.08,13.03,819.442,6.138,285.4
1/11/2022,00:43,9.05,13.23,819.48,4.966,288
1/11/2022,00:44,9.15,12.76,819.394,6.854,289.6
1/11/2022,00:45,9.29,12.52,819.340,7.849,291.7
1/11/2022,00:46,9.44,12.21,819.306,7.385,293.7
1/11/2022,00:47,9.34,12.8,819.385,6.05,275.7
1/11/2022,00:48,9.19,13.16,819.399,5.938,283
1/11/2022,00:49,9.2,12.9,819.360,5.899,284.8
1/11/2022,00:50,9.35,12.47,819.320,7.11,273.1
1/11/2022,00:51,9.35,12.6,819.362,5.847,285.9
1/11/2022,00:52,9.21,12.91,819.353,5.276,290.7
1/11/2022,00:53,9.33,12.59,819.297,6.516,293.5
1/11/2022,00:54,9.36,12.74,819.325,5.733,282.5
1/11/2022,00:55,9.2,13.23,819.349,5.185,282.2
1/11/2022,00:56,9.07,13.5,819.267,5.876,281
1/11/2022,00:57,9.02,13.52,819.253,5.653,294.1
1/11/2022,00:58,9.18,12.9,819.246,6.513,295.5
1/11/2022,00:59,9.28,12.61,819.313,5.278,290.1
1/11/2022,01:00,9.26,12.71,819.257,6.426,277.2
1/11/2022,01:01,9.13,13.35,819.237,5.8,285.9
1/11/2022,01:02,9.19,13,819.239,6.259,282.2
1/11/2022,01:03,9.14,13.13,819.225,5.426,293
1/11/2022,01:04,9.16,12.96,819.241,6.449,296.4
1/11/2022,01:05,9.25,12.63,819.147,7.473,288.6
1/11/2022,01:06,9.31,12.73,819.138,6.748,283.1
1/11/2022,01:07,9.28,12.99,819.066,7.854,296.1
1/11/2022,01:08,9.23,13.12,819.121,7.535,285.1
1/11/2022,01:09,9.05,13.5,819.158,6.598,300
1/11/2022,01:10,8.93,13.45,819.157,8.72,305.7
1/11/2022,01:11,8.96,13.14,819.136,6.141,299.9
1/11/2022,01:12,8.81,13.63,819.197,6.162,288.9
1/11/2022,01:13,8.82,13.75,819.093,7.932,295.8
1/11/2022,01:14,9.14,12.81,819.050,8.67,290.3
1/11/2022,01:15,9.17,13.08,819.004,7.796,292.8
1/11/2022,01:16,9.11,13.33,819.036,7.535,297.2
1/11/2022,01:17,8.91,13.78,819.126,6.028,300
1/11/2022,01:18,8.72,14.09,819.079,7.079,295
1/11/2022,01:19,8.81,13.54,819.085,6.479,302
1/11/2022,01:20,8.75,13.75,819.092,5.058,288.7
1/11/2022,01:21,8.63,14.3,819.007,7.891,294.6
1/11/2022,01:22,8.86,13.63,819.083,6.145,293.8
1/11/2022,01:23,8.98,13.37,818.954,8.31,294.4
1/11/2022,01:24,9.01,13.43,818.989,6.892,294.4
1/11/2022,01:25,9.23,12.76,818.989,8.3,296.5
1/11/2022,01:26,9.39,12.26,818.956,7.234,285.6
1/11/2022,01:27,9.08,13.49,819.024,5.734,292.6
1/11/2022,01:28,8.92,13.91,819.076,6.204,281.1
1/11/2022,01:29,9.1,13.12,818.948,8.27,294.7
1/11/2022,01:30,9.09,13.13,818.975,7.108,293.8
1/11/2022,01:31,9.08,13.07,819.053,5.943,299.8
1/11/2022,01:32,8.86,13.72,819.111,4.382,290.2
1/11/2022,01:33,8.85,13.53,819.045,6.289,290.3
1/11/2022,01:34,8.97,13.28,819.020,6.78,296.9
1/11/2022,01:35,9.17,12.51,819.104,5.712,288.4
1/11/2022,01:36,9.12,12.98,818.963,8.39,294.4
1/11/2022,01:37,9.29,12.5,818.993,7.84,299.3
1/11/2022,01:38,9.06,13.14,819.179,5.109,300.8
1/11/2022,01:39,8.9,13.26,819.054,5.271,302.7
1/11/2022,01:40,8.85,13.23,819.043,7.461,299.6
1/11/2022,01:41,8.77,13.41,819.028,6.073,301.4
1/11/2022,01:42,8.75,13.68,819.062,7.408,292.7
1/11/2022,01:43,8.79,13.63,819.093,5.493,281.9
1/11/2022,01:44,8.9,13.4,819.038,7.213,295.5
1/11/2022,01:45,8.98,12.98,818.987,7.484,296.3
1/11/2022,01:46,9.2,12.48,818.928,7.384,294.9
1/11/2022,01:47,9.25,12.41,818.997,6.355,295
1/11/2022,01:48,9.04,13.24,819.076,4.35,295.4
1/11/2022,01:49,8.99,12.98,819.012,5.811,297.9
1/11/2022,01:50,9.01,12.94,819.03,7.351,292.5
1/11/2022,01:51,8.98,12.87,819.062,6.242,295.3
1/11/2022,01:52,8.97,12.92,819.039,6.163,287.2
1/11/2022,01:53,8.86,13.2,819.041,6.09,286.1
1/11/2022,01:54,8.83,13.53,819.000,7.778,284.3
1/11/2022,01:55,8.94,12.99,819.024,7.081,299.6
1/11/2022,01:56,8.91,13.13,819.034,6.411,290.7
1/11/2022,01:57,8.83,13.55,819.040,6.086,300.7
1/11/2022,01:58,8.85,13.27,819.029,6.552,291.9
1/11/2022,01:59,8.8,13.51,819.079,6.05,309.8
1/11/2022,02:00,8.59,13.87,819.164,4.701,297.8
1/11/2022,02:01,8.57,13.8,819.074,6.916,299.8
1/11/2022,02:02,8.64,13.87,819.073,7.712,282.2
1/11/2022,02:03,8.61,13.88,819.103,6.673,283.5
1/11/2022,02:04,8.63,13.64,819.074,7.107,290.3
1/11/2022,02:05,8.57,13.82,819.047,7.573,285
1/11/2022,02:06,8.69,13.46,818.972,9.46,296.8
1/11/2022,02:07,8.83,13.23,819.112,7.621,289.4
1/11/2022,02:08,8.89,13.1,819.152,7.294,288.7
1/11/2022,02:09,8.82,13.38,819.296,6.095,297
1/11/2022,02:10,8.85,12.93,819.301,5.611,295.5
1/11/2022,02:11,8.74,13.31,819.208,5.756,308.7
1/11/2022,02:12,8.87,12.81,819.140,6.412,295
1/11/2022,02:13,8.75,13.51,819.128,6.076,298.7
1/11/2022,02:14,8.73,13.49,819.093,7.708,299.6
1/11/2022,02:15,8.82,13.21,819.168,7.776,298.3
1/11/2022,02:16,8.84,13.01,819.230,7.926,308.4
1/11/2022,02:17,8.9,12.99,819.182,6.612,285.2
1/11/2022,02:18,8.95,12.74,819.218,6.221,295.4
1/11/2022,02:19,8.8,13.13,819.239,3.723,295.1
1/11/2022,02:20,8.75,13.2,819.096,7.409,293.1
1/11/2022,02:21,8.81,13.15,819.084,7.935,292.4
1/11/2022,02:22,8.79,13.3,819.134,6.339,296.3
1/11/2022,02:23,8.79,13.14,819.236,5.808,290
1/11/2022,02:24,8.81,13.18,819.153,6.189,292.7
1/11/2022,02:25,8.78,13.23,819.192,6.621,295
1/11/2022,02:26,8.73,13.42,819.182,6.445,296.3
1/11/2022,02:27,8.67,13.57,819.221,4.935,288.9
1/11/2022,02:28,8.59,13.83,819.085,6.576,293.6
1/11/2022,02:29,8.58,13.94,819.108,8.1,285.7
1/11/2022,02:30,8.64,13.67,819.155,7.867,298.1
1/11/2022,02:31,8.68,13.35,819.341,4.509,306.2
1/11/2022,02:32,8.44,14.1,819.310,4.14,294.8
1/11/2022,02:33,8.52,13.68,819.164,7.523,295.1
1/11/2022,02:34,8.65,13.38,819.160,7.018,293.3
1/11/2022,02:35,8.82,12.95,819.186,7.046,303.8
1/11/2022,02:36,8.77,13.16,819.158,6.083,295
1/11/2022,02:37,8.64,13.39,819.236,4.161,295.3
1/11/2022,02:38,8.52,13.68,819.193,5.809,301.3
1/11/2022,02:39,8.57,13.5,819.140,6.726,298.7
1/11/2022,02:40,8.62,13.56,819.201,5.888,296.2
1/11/2022,02:41,8.69,13.38,819.197,6.127,298.1
1/11/2022,02:42,8.66,13.51,819.157,7.04,298.7
1/11/2022,02:43,8.69,13.25,819.253,6.911,301.7
1/11/2022,02:44,8.68,13.16,819.264,5.727,299.1
1/11/2022,02:45,8.58,13.53,819.297,5.225,292.8
1/11/2022,02:46,8.42,14.04,819.334,4.27,285.1
1/11/2022,02:47,8.53,13.39,819.320,3.49,289.3
1/11/2022,02:48,8.56,13.22,819.294,4.349,301.9
1/11/2022,02:49,8.52,13.6,819.253,5.9,285.1
1/11/2022,02:50,8.68,13.28,819.214,6.12,280
1/11/2022,02:51,8.75,13.09,819.222,6.586,294.3
1/11/2022,02:52,8.92,12.54,819.253,6.843,298.2
1/11/2022,02:53,9.08,12.2,819.289,6.336,298.2
1/11/2022,02:54,9.04,12.33,819.331,5.495,301
1/11/2022,02:55,8.96,12.49,819.303,5.946,304
1/11/2022,02:56,8.83,12.87,819.321,5.46,304.4
1/11/2022,02:57,8.76,12.93,819.346,4.665,303
1/11/2022,02:58,8.73,12.91,819.308,6.536,297.5
1/11/2022,02:59,8.65,13.18,819.293,5.483,297
1/11/2022,03:00,8.77,12.74,819.331,6.694,288
1/11/2022,03:01,8.72,13.02,819.317,4.971,301.5
1/11/2022,03:02,8.59,13.29,819.304,4.556,300.6
1/11/2022,03:03,8.52,13.32,819.285,4.656,303.7
1/11/2022,03:04,8.51,13.31,819.244,5.801,296.2
1/11/2022,03:05,8.54,13.21,819.223,5.66,298
1/11/2022,03:06,8.56,13.19,819.187,5.979,301.3
1/11/2022,03:07,8.55,13.3,819.189,6.542,302.3
1/11/2022,03:08,8.46,13.52,819.250,5.386,301.3
1/11/2022,03:09,8.43,13.44,819.231,5.083,297.4
1/11/2022,03:10,8.69,12.65,819.171,6.399,297.2
1/11/2022,03:11,8.82,12.62,819.198,6.278,295.2
1/11/2022,03:12,8.76,12.71,819.213,5.711,298.6
1/11/2022,03:13,8.72,12.72,819.255,6.251,300.8
1/11/2022,03:14,8.75,12.7,819.258,5.907,302.3
1/11/2022,03:15,8.87,12.2,819.264,5.656,298.6
1/11/2022,03:16,8.85,12.28,819.294,4.408,302.3
1/11/2022,03:17,8.65,12.98,819.265,4.877,297.6
1/11/2022,03:18,8.57,13.34,819.243,5.17,294.7
1/11/2022,03:19,8.89,12.46,819.212,6.769,297.1
1/11/2022,03:20,9.42,11.27,819.29,4.782,300.7
1/11/2022,03:21,9.07,12.21,819.348,4.024,303.4
1/11/2022,03:22,8.77,12.55,819.380,3.335,304.1
1/11/2022,03:23,8.4,13.32,819.379,2.741,299.8
1/11/2022,03:24,8.25,13.46,819.392,3.555,299.4
1/11/2022,03:25,8.53,12.51,819.388,3.677,304.5
1/11/2022,03:26,8.55,12.63,819.372,3.734,299.5
1/11/2022,03:27,8.57,12.62,819.385,3.791,296.6
1/11/2022,03:28,8.42,13.04,819.364,3.577,280
1/11/2022,03:29,8.24,13.69,819.361,3.22,285.8
1/11/2022,03:30,8.3,13.26,819.33,3.581,293.5
1/11/2022,03:31,8.24,13.57,819.352,3.039,288.4
1/11/2022,03:32,8.39,13.05,819.362,4.354,286.2
1/11/2022,03:33,8.57,12.74,819.369,3.407,288.4
1/11/2022,03:34,8.61,12.62,819.405,2.572,289.7
1/11/2022,03:35,8.68,12.35,819.396,3.01,295.6
1/11/2022,03:36,8.69,12.35,819.370,2.906,295.3
1/11/2022,03:37,8.68,12.16,819.384,3.078,310.7
1/11/2022,03:38,8.5,12.74,819.414,2.95,295.1
1/11/2022,03:39,8.49,12.58,819.411,3.434,297.9
1/11/2022,03:40,8.49,12.56,819.390,2.909,309
1/11/2022,03:41,8.27,13.17,819.386,2.998,295.2
1/11/2022,03:42,8.3,12.89,819.373,2.292,268.5
1/11/2022,03:43,8.34,12.76,819.340,4.229,285.6
1/11/2022,03:44,8.3,13.13,819.287,2.98,286.3
1/11/2022,03:45,8.13,13.77,819.278,3.993,281.3
1/11/2022,03:46,8.2,13.57,819.251,4.294,286.1
1/11/2022,03:47,8.41,13.01,819.226,5.414,283.9
1/11/2022,03:48,8.47,13.14,819.223,3.412,285.8
1/11/2022,03:49,8.42,13.21,819.232,3.016,294.5
1/11/2022,03:50,8.48,12.84,819.237,2.362,282.7
1/11/2022,03:51,8.37,13,819.258,2.727,269.6
1/11/2022,03:52,8.35,13.04,819.227,4.198,276.5
1/11/2022,03:53,8.62,12.27,819.206,2.971,273.9
1/11/2022,03:54,8.66,12.17,819.226,2.011,273.6
1/11/2022,03:55,8.51,12.64,819.208,3.669,277
1/11/2022,03:56,8.25,13.58,819.191,3.417,291
1/11/2022,03:57,8.34,13.19,819.219,3.139,294.1
1/11/2022,03:58,8.64,12.2,819.220,3.229,301.4
1/11/2022,03:59,8.67,12.31,819.269,3.743,296.7
1/11/2022,04:00,8.67,12.32,819.249,4.872,301.1
1/11/2022,04:01,8.63,12.48,819.274,4.848,303.9
1/11/2022,04:02,8.5,12.87,819.264,3.827,290.9
1/11/2022,04:03,8.46,12.95,819.268,4.027,282.9
1/11/2022,04:04,8.35,13.25,819.257,3.584,286.5
1/11/2022,04:05,8.09,14.06,819.220,4.558,285.8
1/11/2022,04:06,7.915,14.6,819.258,4.289,286
1/11/2022,04:07,8.14,13.64,819.242,5.342,282.3
1/11/2022,04:08,8.29,13.28,819.277,3.721,281.5
1/11/2022,04:09,8.21,13.67,819.255,5.173,277.2
1/11/2022,04:10,8.28,13.46,819.186,6.308,275.8
1/11/2022,04:11,8.45,12.89,819.220,5.196,268.7
1/11/2022,04:12,8.42,13.09,819.177,5.631,264.8
1/11/2022,04:13,8.46,12.97,819.183,5.776,262.4
1/11/2022,04:14,8.64,12.54,819.183,5.813,266.7
1/11/2022,04:15,8.59,12.86,819.179,5.911,274.7
1/11/2022,04:16,8.41,13.49,819.173,5.463,270.8
1/11/2022,04:17,8.43,13.29,819.14,5.111,273.3
1/11/2022,04:18,8.46,13.19,819.161,5.38,271.4
1/11/2022,04:19,8.32,13.84,819.197,4.561,276.5
1/11/2022,04:20,8.34,13.56,819.223,4.295,282.8
1/11/2022,04:21,8.41,13.23,819.192,5.36,281
1/11/2022,04:22,8.4,13.37,819.186,4.697,278.9
1/11/2022,04:23,8.51,13.2,819.143,6.638,286.5
1/11/2022,04:24,8.83,12.27,819.162,6.068,287.6
1/11/2022,04:25,8.76,12.66,819.102,6.259,290.4
1/11/2022,04:26,8.62,13.12,819.038,6.57,292.3
1/11/2022,04:27,8.81,12.57,819.084,6.675,283.3
1/11/2022,04:28,8.84,12.5,819.058,5.556,283.5
1/11/2022,04:29,8.58,13.31,818.987,6.48,277
1/11/2022,04:30,8.66,13.04,819.003,6.251,276.1
1/11/2022,04:31,8.68,12.99,818.978,7.2,270.6
1/11/2022,04:32,8.6,13.29,818.975,6.599,284.3
1/11/2022,04:33,8.58,13.14,819.085,5.207,284.4
1/11/2022,04:34,8.51,13.41,819.106,5.082,279.4
1/11/2022,04:35,8.63,13.08,819.071,5.887,271.3
1/11/2022,04:36,8.71,13,819.029,5.85,279.4
1/11/2022,04:37,8.62,13.33,819.098,5.163,273.5
1/11/2022,04:38,8.69,13.02,819.081,7.04,268.8
1/11/2022,04:39,8.86,12.58,819.090,7.169,288.3
1/11/2022,04:40,8.96,12.17,819.125,5.73,291.8
1/11/2022,04:41,8.81,12.59,819.166,4.753,285.6
1/11/2022,04:42,8.46,13.71,819.206,4.431,284.3
1/11/2022,04:43,8.62,12.77,819.193,5.1,284.7
1/11/2022,04:44,8.62,12.82,819.204,3.773,283.2
1/11/2022,04:45,8.41,13.48,819.199,4.525,273.4
1/11/2022,04:46,8.38,13.41,819.189,4.424,290.4
1/11/2022,04:47,8.46,13.01,819.157,5.119,290.3
1/11/2022,04:48,8.53,12.88,819.124,5.884,285
1/11/2022,04:49,8.41,13.49,819.132,5.012,279.2
1/11/2022,04:50,8.46,13.22,819.136,4.201,277.9
1/11/2022,04:51,8.46,13.05,819.104,4.642,272.2
1/11/2022,04:52,8.59,12.71,819.057,5.935,268.5
1/11/2022,04:53,8.73,12.43,819.090,5.904,268.6
1/11/2022,04:54,8.81,12.38,819.095,6.111,267.7
1/11/2022,04:55,9.05,11.94,819.037,6.574,279.3
1/11/2022,04:56,9.08,12.19,819.053,5.985,279
1/11/2022,04:57,8.83,12.95,819.131,4.739,277.4
1/11/2022,04:58,8.83,12.67,819.071,6.162,275.6
1/11/2022,04:59,8.84,12.75,819.109,4.6,278.8
1/11/2022,05:00,8.65,13.12,819.151,4.32,283.6
1/11/2022,05:01,8.68,12.75,819.127,4.834,279.2
1/11/2022,05:02,8.71,12.59,819.137,4.737,263.1
1/11/2022,05:03,8.9,11.87,819.081,6.588,266.6
1/11/2022,05:04,9.12,11.71,819.051,5.934,269
1/11/2022,05:05,9.35,11.14,819.083,6.023,264.5
1/11/2022,05:06,9.25,11.45,819.142,4.516,258.4
1/11/2022,05:07,8.96,11.95,819.180,4.042,258.7
1/11/2022,05:08,8.92,11.82,819.138,3.9,258
1/11/2022,05:09,9.1,11.11,819.121,3.096,253.9
1/11/2022,05:10,9.04,11.16,819.141,2.875,251
1/11/2022,05:11,8.83,11.64,819.176,2.232,256.5
1/11/2022,05:12,8.59,12.32,819.180,1.726,270.8
1/11/2022,05:13,8.54,12.28,819.184,1.895,239.4
1/11/2022,05:14,8.54,11.83,819.204,2.435,252.6
1/11/2022,05:15,8.42,12.41,819.153,2.259,263.5
1/11/2022,05:16,8.53,12.03,819.159,2.829,245.7
1/11/2022,05:17,8.45,12.18,819.171,3.317,247.7
1/11/2022,05:18,8.59,11.97,819.132,2.841,236.4
1/11/2022,05:19,8.36,12.59,819.159,1.577,240.6
1/11/2022,05:20,8.3,12.49,819.127,2.906,233.2
1/11/2022,05:21,8.28,12.7,819.174,3.674,247.3
1/11/2022,05:22,8.57,12.28,819.073,4.609,268.6
1/11/2022,05:23,8.8,12.15,819.018,5.604,282.7
1/11/2022,05:24,8.97,12.03,819.069,4.864,274.2
1/11/2022,05:25,8.98,12.08,819.086,4.368,270.1
1/11/2022,05:26,9.06,11.72,819.108,4.95,266.4
1/11/2022,05:27,8.94,12.2,819.071,6.612,277.5
1/11/2022,05:28,8.93,12.28,819.114,4.421,278.4
1/11/2022,05:29,8.92,12.07,819.102,5.111,274.5
1/11/2022,05:30,8.78,12.59,819.085,5.352,280.8
1/11/2022,05:31,8.67,13.03,819.116,5.451,288.9
1/11/2022,05:32,8.73,12.73,819.153,4.497,289.1
1/11/2022,05:33,8.98,11.81,819.120,5.308,280.8
1/11/2022,05:34,9.1,11.63,819.147,4.62,286.7
1/11/2022,05:35,8.98,12.24,819.136,4.33,275
1/11/2022,05:36,8.99,12.16,819.155,4.985,268.1
1/11/2022,05:37,9.15,11.77,819.173,5.993,252.1
1/11/2022,05:38,9.26,11.34,819.166,5.437,274.3
1/11/2022,05:39,9.1,12.18,819.171,5.257,288
1/11/2022,05:40,9.04,12.15,819.192,4.47,288.1
1/11/2022,05:41,8.97,12.08,819.173,4.374,279.6
1/11/2022,05:42,8.98,12.14,819.100,7.841,275.7
1/11/2022,05:43,9.16,11.71,819.124,6.661,280.9
1/11/2022,05:44,9.08,11.98,819.209,4.021,285.6
1/11/2022,05:45,9.04,11.73,819.227,3.315,272.2
1/11/2022,05:46,8.75,12.75,819.161,4.853,274.2
1/11/2022,05:47,8.79,12.59,819.112,5.961,275.8
1/11/2022,05:48,8.97,12.28,819.076,6.928,285.7
1/11/2022,05:49,9.18,11.72,819.112,6.299,285.4
1/11/2022,05:50,9.06,12.14,819.187,4.411,291.3
1/11/2022,05:51,9.26,11.29,819.208,3.478,269.5
1/11/2022,05:52,9.12,11.66,819.281,2.507,274.5
1/11/2022,05:53,9,11.93,819.308,4.258,262.8
1/11/2022,05:54,9.22,11.13,819.287,5.097,261.6
1/11/2022,05:55,9.1,12.05,819.304,4.079,278
1/11/2022,05:56,9.06,11.86,819.270,4.103,284.9
1/11/2022,05:57,9.06,11.84,819.292,3.952,273.4
1/11/2022,05:58,9.03,11.99,819.233,4.753,277
1/11/2022,05:59,9.21,11.38,819.253,5.129,310.6
1/11/2022,06:00,9.19,11.49,819.217,4.533,295.7
1/11/2022,06:01,9.08,11.81,819.237,4.49,295.9
1/11/2022,06:02,8.95,11.94,819.228,4.323,294.5
1/11/2022,06:03,8.86,12.04,819.257,4.761,303.8
1/11/2022,06:04,8.87,11.73,819.265,2.435,303
1/11/2022,06:05,8.78,11.82,819.243,1.454,254
1/11/2022,06:06,8.87,11.5,819.258,5.894,274.5
1/11/2022,06:07,8.78,12.04,819.200,3.536,311
1/11/2022,06:08,8.86,12.01,819.209,5.653,299.6
1/11/2022,06:09,8.9,12,819.223,4.999,305.6
1/11/2022,06:10,9.05,11.62,819.194,5.276,292.8
1/11/2022,06:11,9.41,11,819.152,6.831,265.4
1/11/2022,06:12,9.97,9.47,819.283,4.315,219
1/11/2022,06:13,9.98,9.27,819.235,2.837,229.7
1/11/2022,06:14,9.74,9.94,819.256,3.921,270.4
1/11/2022,06:15,9.57,10.44,819.152,5.421,292.7
1/11/2022,06:16,9.44,10.94,819.211,4.892,305.4
1/11/2022,06:17,9.52,10.54,819.297,3.877,312.8
1/11/2022,06:18,9.26,11.15,819.364,2.658,317
1/11/2022,06:19,9.2,10.96,819.372,3.744,315.3
1/11/2022,06:20,9.19,10.91,819.406,2.749,305.8
1/11/2022,06:21,9.09,11.13,819.397,2.949,293.5
1/11/2022,06:22,8.89,11.75,819.382,2.468,298.5
1/11/2022,06:23,8.99,11.32,819.379,1.832,252.1
1/11/2022,06:24,9.36,10.28,819.334,1.302,244.2
1/11/2022,06:25,9.65,9.45,819.374,0.554,225.4
1/11/2022,06:26,9.58,9.56,819.432,1.848,285
1/11/2022,06:27,9.09,10.93,819.452,2.104,326.4
1/11/2022,06:28,8.82,11.63,819.422,3.211,308.7
1/11/2022,06:29,8.53,12.47,819.358,3.374,308
1/11/2022,06:30,8.53,12.23,819.333,3.409,305.6
1/11/2022,06:31,8.48,12.26,819.294,3.612,306.3
1/11/2022,06:32,8.69,11.65,819.261,3.8,281.9
1/11/2022,06:33,8.87,11.38,819.238,4.561,309.5
1/11/2022,06:34,8.94,11.28,819.310,3.442,304.1
1/11/2022,06:35,9.07,10.81,819.361,2.614,301
1/11/2022,06:36,8.7,11.9,819.366,2.993,312
1/11/2022,06:37,8.73,11.48,819.377,2.557,289.5
1/11/2022,06:38,8.86,11.16,819.359,2.495,272.7
1/11/2022,06:39,8.88,11.12,819.362,2.453,278.7
1/11/2022,06:40,8.66,11.83,819.380,3.55,279.7
1/11/2022,06:41,8.73,11.72,819.350,4.01,277.1
1/11/2022,06:42,8.89,11.29,819.341,3.929,259.5
1/11/2022,06:43,8.85,11.38,819.337,2.899,255.6
1/11/2022,06:44,8.77,11.52,819.252,3.799,260.1
1/11/2022,06:45,8.86,11.2,819.225,3.695,268.1
1/11/2022,06:46,9.01,10.99,819.196,3.899,264.5
1/11/2022,06:47,8.85,11.77,819.176,3.776,271.4
1/11/2022,06:48,8.7,12.23,819.211,3.168,262.3
1/11/2022,06:49,8.54,12.48,819.207,2.534,266.9
1/11/2022,06:50,8.5,12.27,819.216,2.484,267.1
1/11/2022,06:51,8.51,12.15,819.225,3.209,264.2
1/11/2022,06:52,8.72,11.38,819.227,2.671,271
1/11/2022,06:53,8.78,11.31,819.253,2.134,281.7
1/11/2022,06:54,8.66,11.67,819.250,1.722,278.6
1/11/2022,06:55,8.61,11.72,819.267,1.621,260.6
1/11/2022,06:56,8.7,11.38,819.287,1.491,266.3
1/11/2022,06:57,8.61,11.47,819.293,1.359,263.5
1/11/2022,06:58,8.38,11.82,819.291,1.63,259.7
1/11/2022,06:59,8.28,11.9,819.303,1.291,257.1
1/11/2022,07:00,7.907,12.99,819.322,1.948,262.5
1/11/2022,07:01,7.795,13.32,819.365,1.904,263.3
1/11/2022,07:02,7.942,12.7,819.374,1.56,238.3
1/11/2022,07:03,8.03,12.29,819.413,1.206,241.1
1/11/2022,07:04,8.14,12.12,819.438,1.41,251.9
1/11/2022,07:05,8.06,12.38,819.485,0.934,279.2
1/11/2022,07:06,7.768,13.42,819.510,1.272,306.6
1/11/2022,07:07,7.758,13.17,819.506,2.147,309.9
1/11/2022,07:08,8,12.48,819.490,2.492,295.3
1/11/2022,07:09,8.15,12.29,819.476,2.49,297.5
1/11/2022,07:10,8.21,12.48,819.466,3.704,302.4
1/11/2022,07:11,8.39,12.17,819.437,3.664,297.2
1/11/2022,07:12,8.58,11.77,819.424,3.899,293.3
1/11/2022,07:13,8.55,12.05,819.422,4.32,287.8
1/11/2022,07:14,8.53,12.24,819.418,4.565,286.7
1/11/2022,07:15,8.6,11.99,819.416,4.153,281.5
1/11/2022,07:16,8.44,12.58,819.434,3.56,279.3
1/11/2022,07:17,8.23,13.22,819.421,4.198,279.9
1/11/2022,07:18,8.41,12.33,819.399,4.374,291.7
1/11/2022,07:19,8.51,12.16,819.404,3.874,288.5
1/11/2022,07:20,8.58,11.81,819.404,3.63,290.6
1/11/2022,07:21,8.46,12.25,819.402,3.654,300.2
1/11/2022,07:22,8.44,12.2,819.412,2.964,292.8
1/11/2022,07:23,8.39,12.33,819.412,3.412,290.8
1/11/2022,07:24,8.31,12.64,819.423,2.905,289.8
1/11/2022,07:25,8.49,11.93,819.431,3.272,285.5
1/11/2022,07:26,8.44,12.1,819.418,3.057,296.2
1/11/2022,07:27,8.61,11.57,819.416,4.265,304.4
1/11/2022,07:28,8.8,11.08,819.425,4.307,300.3
1/11/2022,07:29,8.82,11.28,819.425,4.392,303.4
1/11/2022,07:30,8.93,11.07,819.418,4,288.9
1/11/2022,07:31,8.4,12.78,819.476,2.92,269
1/11/2022,07:32,7.881,13.69,819.499,3.07,273.8
1/11/2022,07:33,7.702,14.07,819.516,2.851,269.1
1/11/2022,07:34,7.823,13.47,819.512,2.793,279.5
1/11/2022,07:35,7.986,13.12,819.527,3.838,285.2
1/11/2022,07:36,8.39,12.16,819.524,3.458,269.7
1/11/2022,07:37,8.41,12.69,819.519,3.218,272.1
1/11/2022,07:38,8.43,12.54,819.525,3.026,263.6
1/11/2022,07:39,8.38,12.7,819.499,2.647,277.3
1/11/2022,07:40,8.46,12.27,819.484,2.219,265.7
1/11/2022,07:41,8.42,12.27,819.486,2.632,246
1/11/2022,07:42,8.82,10.99,819.442,2.812,236.4
1/11/2022,07:43,9.72,8.88,819.372,3.223,255.3
1/11/2022,07:44,9.04,11.5,819.384,1.599,262.3
1/11/2022,07:45,8.66,12.51,819.333,1.4,240.5
1/11/2022,07:46,8.97,11.07,819.283,1.943,246.7
1/11/2022,07:47,9.03,10.97,819.233,2.508,273.4
1/11/2022,07:48,9.37,9.87,819.285,2.647,267.5
1/11/2022,07:49,9.14,10.78,819.324,2.015,245.2
1/11/2022,07:50,9.31,10.3,819.288,1.149,215.3
1/11/2022,07:51,9.17,11,819.286,2.172,206.4
1/11/2022,07:52,8.66,12.48,819.340,2.762,229.5
1/11/2022,07:53,8.93,11.44,819.358,4.118,239.5
1/11/2022,07:54,8.9,11.37,819.359,2.324,292.2
1/11/2022,07:55,7.647,15.82,819.34,1.2,217.3
1/11/2022,07:56,7.948,13.54,819.332,0.934,223.2
1/11/2022,07:57,8.12,12.78,819.345,2.234,196.9
1/11/2022,07:58,8.36,12.46,819.350,3.761,197.9
1/11/2022,07:59,8.34,13.09,819.369,4.064,199.8
1/11/2022,08:00,8.48,12.9,819.371,4.069,210.1
1/11/2022,08:01,9,11.44,819.358,2.432,220.4
1/11/2022,08:02,8.66,13.22,819.345,1.439,282.3
1/11/2022,08:03,8.57,12.54,819.317,0.582,249.4
1/11/2022,08:04,8.78,11.81,819.317,1.572,210.5
1/11/2022,08:05,9.18,10.79,819.320,1.22,198.1
1/11/2022,08:06,9.27,10.48,819.337,1.524,196.7
1/11/2022,08:07,8.96,11.94,819.357,1.679,215.4
1/11/2022,08:08,8.67,13,819.404,1.05,224.8
1/11/2022,08:09,8.46,13.59,819.416,1.357,280.8
1/11/2022,08:10,8.6,12.56,819.436,1.316,321
1/11/2022,08:11,8.47,12.51,819.481,1.623,309.6
1/11/2022,08:12,8.73,11.61,819.520,1.795,305
1/11/2022,08:13,8.91,11.07,819.551,1.458,301.6
1/11/2022,08:14,8.75,12.23,819.585,2.148,310.7
1/11/2022,08:15,8.92,11.39,819.584,2.21,305
1/11/2022,08:16,8.79,12.4,819.622,2.653,301.6
1/11/2022,08:17,8.94,11.96,819.604,4.144,297.9
1/11/2022,08:18,8.98,12.2,819.576,5.378,293.9
1/11/2022,08:19,9.16,11.26,819.575,5.633,297
1/11/2022,08:20,9.14,11.77,819.607,6.135,282.7
1/11/2022,08:21,9.27,11.08,819.641,4.823,288.2
1/11/2022,08:22,9.35,10.8,819.676,3.848,265.3
1/11/2022,08:23,9.39,10.65,819.623,5.278,292.6
1/11/2022,08:24,9.35,11.01,819.568,5.993,284.8
1/11/2022,08:25,9.41,11.07,819.563,6.106,265.3
1/11/2022,08:26,9.51,10.54,819.638,4.989,267.2
1/11/2022,08:27,9.44,10.92,819.663,3.153,277.1
1/11/2022,08:28,9.19,12.18,819.666,2.347,276.2
1/11/2022,08:29,9.12,12.25,819.699,2.253,262.6
1/11/2022,08:30,9.42,10.84,819.773,5.127,237.9
1/11/2022,08:31,9.73,9.88,819.733,4.266,244.4
1/11/2022,08:32,9.93,9.42,819.735,2.598,253.9
1/11/2022,08:33,9.9,10.19,819.738,2.036,260.1
1/11/2022,08:34,9.74,11.36,819.720,2.207,262.3
1/11/2022,08:35,9.83,11.25,819.703,2.081,232.1
1/11/2022,08:36,10.11,10.07,819.684,1.632,239.6
1/11/2022,08:37,10.36,9.54,819.701,2.418,269.4
1/11/2022,08:38,10.34,9.86,819.696,2.149,312.7
1/11/2022,08:39,10.29,10.49,819.672,2.676,281.3
1/11/2022,08:40,10.37,9.94,819.707,1.898,234.8
1/11/2022,08:41,10.63,9.75,819.712,2.054,210.7
1/11/2022,08:42,10.92,8.89,819.693,1.782,192.1
1/11/2022,08:43,11.01,9.46,819.722,2.943,212.3
1/11/2022,08:44,10.95,9.56,819.769,4.513,196.5
1/11/2022,08:45,10.9,9.64,819.655,2.917,198.2
1/11/2022,08:46,10.91,10.02,819.659,2.58,216.2
1/11/2022,08:47,10.97,10.27,819.643,3.069,190.2
1/11/2022,08:48,10.99,9.99,819.680,2.985,206.6
1/11/2022,08:49,10.89,10.58,819.683,2.47,222
1/11/2022,08:50,10.77,10.69,819.694,2.655,257.7
1/11/2022,08:51,10.67,10.5,819.701,3.55,267.2
1/11/2022,08:52,10.58,10.48,819.679,2.016,275.3
1/11/2022,08:53,10.61,10.01,819.678,1.271,286.2
1/11/2022,08:54,10.66,9.67,819.705,1.7,254.6
1/11/2022,08:55,10.73,9.78,819.762,2.726,291.7
1/11/2022,08:56,10.73,9.47,819.683,2.93,282.8
1/11/2022,08:57,10.74,9.54,819.698,3.661,264.4
1/11/2022,08:58,10.68,9.97,819.707,3.016,275.5
1/11/2022,08:59,10.59,10.31,819.705,3.97,274.4
1/11/2022,09:00,10.49,10.48,819.713,4.419,279.7
1/11/2022,09:01,10.45,10.26,819.655,4.324,294.4
1/11/2022,09:02,10.46,10.13,819.703,4.468,283.2
1/11/2022,09:03,10.5,10.06,819.669,4.925,273.2
1/11/2022,09:04,10.61,9.33,819.63,5.178,290.5
1/11/2022,09:05,10.57,9.74,819.541,5.234,271.3
1/11/2022,09:06,10.46,10.87,819.569,4.709,276
1/11/2022,09:07,10.49,10.49,819.536,5.611,283
1/11/2022,09:08,10.51,10.53,819.515,4.409,304.5
1/11/2022,09:09,10.58,10.33,819.530,4.579,297.5
1/11/2022,09:10,10.66,10.16,819.506,4.621,290.4
1/11/2022,09:11,10.55,11.4,819.548,4.141,288.8
1/11/2022,09:12,10.77,9.33,819.519,5.383,267.5
1/11/2022,09:13,10.77,9.96,819.523,4.232,279.7
1/11/2022,09:14,10.67,10.32,819.431,6.093,285.3
1/11/2022,09:15,10.73,9.79,819.526,4.686,276.1
1/11/2022,09:16,10.87,9.72,819.494,6.108,281.9
1/11/2022,09:17,10.94,9.29,819.530,5.604,290.9
1/11/2022,09:18,11,9.09,819.554,4.633,303.4
1/11/2022,09:19,11.02,9.23,819.611,4.401,310.5
1/11/2022,09:20,11,9.57,819.629,5.91,307
1/11/2022,09:21,11.06,9.2,819.677,5.893,300
1/11/2022,09:22,10.99,9.75,819.749,5.528,303
1/11/2022,09:23,10.89,9.6,819.745,5.969,292
1/11/2022,09:24,10.84,10.2,819.779,4.767,302.6
1/11/2022,09:25,10.79,10.4,819.760,6.029,301
1/11/2022,09:26,10.69,10.23,819.730,6.69,305.2
1/11/2022,09:27,10.52,10.52,819.754,7.048,296.7
1/11/2022,09:28,10.36,10.5,819.686,7.494,299.6
1/11/2022,09:29,10.28,10.44,819.694,7.654,299.5
1/11/2022,09:30,10.27,10.26,819.761,7.487,305.5
1/11/2022,09:31,10.21,10.36,819.845,6.314,310.3
1/11/2022,09:32,10.15,10.52,819.889,6.106,297.5
1/11/2022,09:33,10.11,10.55,819.831,6.417,305.1
1/11/2022,09:34,10.07,10.36,819.758,8.33,294.2
1/11/2022,09:35,10.08,10.19,819.857,8.04,298.9
1/11/2022,09:36,10.07,10.31,819.906,7.138,299.6
1/11/2022,09:37,10.13,9.91,819.908,8.7,290.4
1/11/2022,09:38,10.19,9.59,819.802,8.88,287.3
1/11/2022,09:39,10.24,9.55,819.764,8.69,297
1/11/2022,09:40,10.25,9.42,819.771,8.84,278.4
1/11/2022,09:41,10.13,10.06,819.781,7.121,292.6
1/11/2022,09:42,10.05,10.35,819.835,5.671,301.2
1/11/2022,09:43,9.97,10.59,819.816,6.928,289.8
1/11/2022,09:44,9.97,10.46,819.828,8.08,294.4
1/11/2022,09:45,9.96,10.42,819.890,6.096,289.4
1/11/2022,09:46,9.91,10.8,819.872,7.371,289.7
1/11/2022,09:47,9.92,10.55,819.862,7.592,291.7
1/11/2022,09:48,9.91,10.61,820.002,6.522,287.7
1/11/2022,09:49,9.9,10.69,820.080,6.169,293
1/11/2022,09:50,9.9,10.45,820.095,4.673,301.2
1/11/2022,09:51,9.81,10.86,820.003,5.617,293
1/11/2022,09:52,9.73,11.48,819.902,7.678,289
1/11/2022,09:53,9.81,10.83,819.954,8.09,295.8
1/11/2022,09:54,9.89,10.06,820.034,5.883,304
1/11/2022,09:55,9.86,10.42,820.065,4.505,286.5
1/11/2022,09:56,9.77,11.35,820.059,3.816,291.6
1/11/2022,09:57,9.85,10.56,819.997,6.913,299.8
1/11/2022,09:58,9.99,10.12,820.114,5.811,297.8
1/11/2022,09:59,10.16,9.07,820.128,5.023,311.6
1/11/2022,10:00,10.1,9.64,820.138,4.35,301.8
1/11/2022,10:01,10.2,9.08,820.081,5.129,299.1
1/11/2022,10:02,10.17,9.49,819.993,4.905,274.9
1/11/2022,10:03,10.13,9.81,819.935,6.138,294.6
1/11/2022,10:04,10.16,9.87,819.995,7.496,287.2
1/11/2022,10:05,10.43,8.72,820.021,6.937,296.9
1/11/2022,10:06,10.55,8.19,820.071,6.035,293
1/11/2022,10:07,10.49,8.93,820.037,6.116,289.7
1/11/2022,10:08,10.5,8.64,820.004,5.531,282.8
1/11/2022,10:09,10.42,8.97,819.993,4.945,278.8
1/11/2022,10:10,10.29,9.55,819.943,5.894,282.6
1/11/2022,10:11,10.4,9.04,819.770,9.3,296.3
1/11/2022,10:12,10.56,8.31,819.976,6.604,290.8
1/11/2022,10:13,10.46,9.02,820.021,6.711,269.3
1/11/2022,10:14,10.36,9.33,820.039,5.707,276.3
1/11/2022,10:15,10.24,9.96,819.994,5.855,280.6
1/11/2022,10:16,10.31,9.25,819.968,4.795,299.3
1/11/2022,10:17,10.36,8.93,819.927,6.03,276.5
1/11/2022,10:18,10.39,9.21,819.750,9.31,279.8
1/11/2022,10:19,10.49,8.59,819.779,8.49,263.9
1/11/2022,10:20,10.45,9.07,819.86,7.224,276.6
1/11/2022,10:21,10.43,9,819.716,8.83,278.5
1/11/2022,10:22,10.43,9.25,819.893,7.898,275
1/11/2022,10:23,10.37,9.7,820.005,6.055,291.7
1/11/2022,10:24,10.5,8.72,819.826,8.55,298.9
1/11/2022,10:25,10.52,8.74,820.014,6.91,287.3
1/11/2022,10:26,10.44,9.46,820.064,6.625,288.6
1/11/2022,10:27,10.53,8.71,820.099,5.67,293.7
1/11/2022,10:28,10.48,9.04,820.046,6.59,296.2
1/11/2022,10:29,10.55,8.81,820.048,7.795,295.9
1/11/2022,10:30,10.64,8.28,820.085,7.03,303.9
1/11/2022,10:31,10.53,8.85,820.222,4.92,290.2
1/11/2022,10:32,10.4,9.65,820.246,6.841,288.6
1/11/2022,10:33,10.4,9.4,820.255,5.976,294.3
1/11/2022,10:34,10.43,9.17,820.225,6.452,299.9
1/11/2022,10:35,10.42,9.37,820.235,6.545,300.1
1/11/2022,10:36,10.52,8.79,820.178,6.5,300.6
1/11/2022,10:37,10.41,9.51,820.158,7.363,288.8
1/11/2022,10:38,10.46,9.17,820.067,9.85,297.5
1/11/2022,10:39,10.59,8.35,820.242,7.948,290
1/11/2022,10:40,10.45,9.07,820.335,5.943,293.9
1/11/2022,10:41,10.29,9.86,820.396,6.238,287.2
1/11/2022,10:42,10.34,9.21,820.274,8.67,302.5
1/11/2022,10:43,10.32,9.51,820.230,8.59,289.4
1/11/2022,10:44,10.35,9.29,820.351,8.3,294.2
1/11/2022,10:45,10.36,9.1,820.294,8.34,292.7
1/11/2022,10:46,10.42,8.69,820.317,9.45,291.4
1/11/2022,10:47,10.41,8.64,820.354,8.69,287.3
1/11/2022,10:48,10.32,8.94,820.354,8.14,282.6
1/11/2022,10:49,10.15,9.91,820.446,8.49,277.2
1/11/2022,10:50,10.09,9.97,820.491,6.113,285.8
1/11/2022,10:51,10.06,9.98,820.575,5.949,285.3
1/11/2022,10:52,9.99,10.44,820.537,7.652,288.1
1/11/2022,10:53,10.12,9.33,820.435,8.4,295.8
1/11/2022,10:54,10.11,9.48,820.506,7.906,307.5
1/11/2022,10:55,10.07,9.8,820.498,7.3,293.8
1/11/2022,10:56,10.12,9.67,820.399,10.04,289.2
1/11/2022,10:57,10.21,9.13,820.468,9.87,296.1
1/11/2022,10:58,10.25,8.85,820.666,6.686,306.1
1/11/2022,10:59,10.13,9.81,820.571,6.704,284.1
1/11/2022,11:00,10.01,10.37,820.427,7.43,280.6
1/11/2022,11:01,9.98,10.32,820.310,11.01,279.5
1/11/2022,11:02,10.03,10.07,820.367,9.44,285.7
1/11/2022,11:03,10,10.19,820.551,8.11,278.2
1/11/2022,11:04,9.99,10.31,820.578,7.666,273.2
1/11/2022,11:05,10.03,9.82,820.447,8.97,286.4
1/11/2022,11:06,9.99,10.09,820.442,8.97,283.5
1/11/2022,11:07,9.96,10.27,820.421,8.7,276.7
1/11/2022,11:08,10.01,10.04,820.302,10.81,283.1
1/11/2022,11:09,10.27,8.45,820.444,9.08,285.3
1/11/2022,11:10,10.24,8.58,820.533,7.833,272.4
1/11/2022,11:11,10.13,9.09,820.400,7.822,279.1
1/11/2022,11:12,10.14,9.17,820.164,10.36,288.8
1/11/2022,11:13,10.12,9.15,820.201,9.36,284.3
1/11/2022,11:14,10.06,9.53,820.409,7.885,275
1/11/2022,11:15,10.03,9.51,820.425,8.22,267.1
1/11/2022,11:16,10.01,9.34,820.354,7.942,285.5
1/11/2022,11:17,9.91,10.05,820.355,7.908,285.5
1/11/2022,11:18,9.94,9.56,820.379,8.94,279
1/11/2022,11:19,9.94,9.79,820.513,8.25,280
1/11/2022,11:20,9.86,10.26,820.501,6.218,274.9
1/11/2022,11:21,9.77,10.65,820.292,9.21,284
1/11/2022,11:22,9.75,10.62,820.153,9.31,277
1/11/2022,11:23,9.81,9.98,820.192,10.2,267.5
1/11/2022,11:24,9.88,9.55,820.25,8.53,272.6
1/11/2022,11:25,9.79,10.47,820.246,8.95,271.6
1/11/2022,11:26,9.77,10.26,820.262,8.24,279.3
1/11/2022,11:27,9.85,9.58,820.232,9.33,271.7
1/11/2022,11:28,9.9,9.18,820.130,9.46,284.1
1/11/2022,11:29,9.79,10.03,820.182,8.34,273.1
1/11/2022,11:30,9.81,9.63,820.028,10.69,273.6
1/11/2022,11:31,9.84,9.49,820.072,9.71,273.6
1/11/2022,11:32,9.75,10.09,820.202,8.48,279.2
1/11/2022,11:33,9.76,10.01,820.162,8.86,272.3
1/11/2022,11:34,9.81,9.51,819.929,10.76,274.7
1/11/2022,11:35,9.75,9.9,819.981,8.64,278.1
1/11/2022,11:36,9.65,10.61,820.053,9.02,267.4
1/11/2022,11:37,9.7,10.15,819.896,10.9,268.6
1/11/2022,11:38,9.74,9.85,819.885,10.08,274.8
1/11/2022,11:39,9.73,9.95,819.920,9.69,268
1/11/2022,11:40,9.76,9.67,819.734,10.9,272.4
1/11/2022,11:41,9.72,9.92,819.792,10.19,279.3
1/11/2022,11:42,9.64,10.42,819.793,9.87,272.2
1/11/2022,11:43,9.71,9.75,819.764,10.42,275.4
1/11/2022,11:44,9.74,9.72,819.846,8.58,274
1/11/2022,11:45,9.76,9.81,819.898,8.08,274.1
1/11/2022,11:46,9.65,10.77,819.770,8.99,271.1
1/11/2022,11:47,9.66,10.01,819.698,10.58,271.8
1/11/2022,11:48,9.69,9.84,819.414,12.72,270
1/11/2022,11:49,9.71,9.62,819.447,11.92,269.5
1/11/2022,11:50,9.68,9.91,819.638,10.97,271.5
1/11/2022,11:51,9.68,9.77,819.716,9.86,292.4
1/11/2022,11:52,9.72,9.51,819.809,7.05,295.7
1/11/2022,11:53,9.71,9.77,819.584,10.09,275.1
1/11/2022,11:54,9.7,10.03,819.654,8.81,272.2
1/11/2022,11:55,9.7,10.03,819.559,10.49,267.5
1/11/2022,11:56,9.77,9.53,819.403,11.16,274.1
1/11/2022,11:57,9.7,10.28,819.459,10.52,277.3
1/11/2022,11:58,9.64,10.37,819.431,9.93,271.7
1/11/2022,11:59,9.61,10.39,819.377,10.28,275.4
1/11/2022,12:00,9.56,10.79,819.438,9.05,273.6
1/11/2022,12:01,9.63,10.25,819.252,10.56,283.6
1/11/2022,12:02,9.73,9.77,819.165,12.55,277
1/11/2022,12:03,9.79,9.4,819.173,11.55,278.8
1/11/2022,12:04,9.74,9.92,819.198,10.09,274.4
1/11/2022,12:05,9.66,10.35,819.212,11.02,273.8
1/11/2022,12:06,9.68,9.88,819.344,8.73,273.8
1/11/2022,12:07,9.63,10.21,819.352,8.1,292.6
1/11/2022,12:08,9.59,10.47,819.281,8.19,284.6
1/11/2022,12:09,9.51,11.11,819.301,9.02,285.6
1/11/2022,12:10,9.56,10.46,819.231,9.14,303.1
1/11/2022,12:11,9.62,9.81,819.217,7.574,296.4
1/11/2022,12:12,9.52,10.86,819.175,7.953,279.7
1/11/2022,12:13,9.48,10.7,818.989,9.62,281.5
1/11/2022,12:14,9.43,10.89,818.916,9.83,273.7
1/11/2022,12:15,9.48,10.59,818.826,11.57,277.1
1/11/2022,12:16,9.5,10.37,819.006,10.05,278.7
1/11/2022,12:17,9.5,10.33,819.194,6.745,280
1/11/2022,12:18,9.45,10.69,819.106,6.225,292.3
1/11/2022,12:19,9.51,10.33,818.888,10.86,267.1
1/11/2022,12:20,9.61,9.83,818.900,9.03,284.3
1/11/2022,12:21,9.57,10.51,818.941,8.43,271.9
1/11/2022,12:22,9.56,10.48,818.848,9.57,272.4
1/11/2022,12:23,9.62,10.08,819.012,7.52,278.2
1/11/2022,12:24,9.44,11.57,819.154,4.298,284.7
1/11/2022,12:25,9.49,10.63,818.967,7.475,284.7
1/11/2022,12:26,9.66,9.52,818.918,7.119,288.2
1/11/2022,12:27,9.58,10.3,818.976,8.28,280.3
1/11/2022,12:28,9.52,10.66,818.833,8.76,280.9
1/11/2022,12:29,9.59,9.8,818.942,7.617,277.1
1/11/2022,12:30,9.59,9.92,818.873,8.79,290.6
1/11/2022,12:31,9.73,9.01,818.908,7.333,279
1/11/2022,12:32,9.7,9.64,818.761,8.18,274.8
1/11/2022,12:33,9.6,10.53,818.661,8.48,284
1/11/2022,12:34,9.52,10.85,818.699,9.33,290.8
1/11/2022,12:35,9.58,10.15,818.881,7.429,293.4
1/11/2022,12:36,9.67,9.68,818.923,5.892,286.4
1/11/2022,12:37,9.66,9.85,818.977,5.131,292.8
1/11/2022,12:38,9.79,8.93,818.864,5.182,290.1
1/11/2022,12:39,9.72,9.65,818.820,4.951,280.2
1/11/2022,12:40,9.76,9.43,818.808,7.619,275.7
1/11/2022,12:41,9.71,10,818.768,5.602,275.8
1/11/2022,12:42,9.61,10.7,818.725,6.83,270.8
1/11/2022,12:43,9.76,9.59,818.727,6.493,268.4
1/11/2022,12:44,9.87,9.36,818.691,7.89,268.6
1/11/2022,12:45,9.95,8.99,818.610,8.88,278
1/11/2022,12:46,9.97,8.61,818.733,6.23,287.3
1/11/2022,12:47,9.96,8.57,818.734,6.736,290
1/11/2022,12:48,9.85,9.34,818.691,6.282,304.4
1/11/2022,12:49,9.84,9.4,818.635,7.157,293.3
1/11/2022,12:50,9.84,9.78,818.668,6.677,276.5
1/11/2022,12:51,9.98,9.02,818.500,8.99,277.5
1/11/2022,12:52,9.98,9,818.652,7.081,282
1/11/2022,12:53,9.91,9.4,818.683,5.473,300.8
1/11/2022,12:54,9.95,9.37,818.576,7.297,287
1/11/2022,12:55,10.04,8.86,818.583,8.16,284
1/11/2022,12:56,10.04,8.85,818.589,6.426,295.1
1/11/2022,12:57,10.01,9.07,818.606,6.814,285.9
1/11/2022,12:58,9.89,10.14,818.544,8,282.3
1/11/2022,12:59,10.18,7.928,818.695,5.383,279.3
1/11/2022,13:00,10.19,8.38,818.762,4.195,277.5
1/11/2022,13:01,10.08,8.99,818.620,7.261,284.6
1/11/2022,13:02,10.24,8.09,818.660,5.995,275.6
1/11/2022,13:03,10.22,8.3,818.642,6.949,275.7
1/11/2022,13:04,10.14,8.92,818.441,9.32,291.8
1/11/2022,13:05,10.18,8.38,818.612,6.855,298.2
1/11/2022,13:06,10.16,8.42,818.680,6.042,299.5
1/11/2022,13:07,10.06,8.84,818.633,7.774,291.1
1/11/2022,13:08,9.99,9.24,818.796,6.402,271.3
1/11/2022,13:09,9.95,9.31,818.756,6.341,282.4
1/11/2022,13:10,9.96,9.14,818.785,4.702,275.4
1/11/2022,13:11,9.94,9.26,818.705,6.05,286.6
1/11/2022,13:12,9.94,9.5,818.581,6.992,277.8
1/11/2022,13:13,10.04,9,818.577,7.623,271.9
1/11/2022,13:14,10,9.37,818.594,7.154,293.2
1/11/2022,13:15,9.87,9.77,818.652,4.52,287.7
1/11/2022,13:16,9.8,10.17,818.656,5.902,279.7
1/11/2022,13:17,9.91,9.35,818.648,5.933,277.7
1/11/2022,13:18,9.88,9.63,818.605,5.64,273.5
1/11/2022,13:19,9.81,10.13,818.527,5.839,277.5
1/11/2022,13:20,9.82,10.22,818.528,7.252,279.9
1/11/2022,13:21,9.79,10.38,818.604,4.919,280.6
1/11/2022,13:22,9.7,10.92,818.644,4.579,281.2
1/11/2022,13:23,9.66,11.09,818.649,4.904,278.8
1/11/2022,13:24,9.82,10.07,818.609,5.344,273.5
1/11/2022,13:25,9.92,9.63,818.567,5.425,266.5
1/11/2022,13:26,9.99,9.39,818.564,5.192,265
1/11/2022,13:27,10.06,9.1,818.464,6.656,270.7
1/11/2022,13:28,10.07,9.36,818.467,6.612,263.6
1/11/2022,13:29,10.12,9.17,818.453,5.389,264.2
1/11/2022,13:30,10.2,9.1,818.430,5.22,260.4
1/11/2022,13:31,10.31,8.8,818.456,5.249,250.6
1/11/2022,13:32,10.34,8.84,818.426,5.489,257.2
1/11/2022,13:33,10.31,9.14,818.478,3.68,243.4
1/11/2022,13:34,10.23,10.07,818.434,2.974,251.2
1/11/2022,13:35,10.15,10.49,818.401,2.688,250.3
1/11/2022,13:36,10.11,10.7,818.367,3.054,261.7
1/11/2022,13:37,10.09,10.71,818.320,3.572,264.3
1/11/2022,13:38,10.26,9.8,818.305,3.39,259.8
1/11/2022,13:39,10.27,10.16,818.282,3.234,258.9
1/11/2022,13:40,10.36,9.97,818.273,3.811,253.8
1/11/2022,13:41,10.56,8.67,818.252,3.209,253.4
1/11/2022,13:42,10.6,8.97,818.291,3.36,239.2
1/11/2022,13:43,10.63,9.44,818.309,2.246,240.3
1/11/2022,13:44,10.44,11.3,818.33,2.438,220.3
1/11/2022,13:45,10.28,12.13,818.370,2.905,239.3
1/11/2022,13:46,10.37,10.83,818.377,4.146,246.2
1/11/2022,13:47,10.57,9.18,818.348,5.379,261.1
1/11/2022,13:48,10.69,8.5,818.404,4.394,257.4
1/11/2022,13:49,10.8,8.02,818.406,3.819,266.4
1/11/2022,13:50,10.65,8.84,818.433,3.381,260.9
1/11/2022,13:51,10.62,8.82,818.441,3.957,264.1
1/11/2022,13:52,10.72,8.28,818.410,4.022,267.4
1/11/2022,13:53,10.74,8.25,818.429,3.018,270.3
1/11/2022,13:54,10.63,8.68,818.456,2.38,276.7
1/11/2022,13:55,10.36,9.93,818.465,2.046,293.1
1/11/2022,13:56,10.3,9.59,818.484,1.209,339.1
1/11/2022,13:57,10.04,10.32,818.463,0.705,358.3
1/11/2022,13:58,9.88,10.57,818.490,0.748,274.3
1/11/2022,13:59,9.95,10.01,818.469,1.314,233.5
1/11/2022,14:00,10.28,8.29,818.462,1.769,262.6
1/11/2022,14:01,10.36,8.41,818.449,1.652,339.5
1/11/2022,14:02,10.22,8.91,818.424,1.265,286.1
1/11/2022,14:03,10.22,8.97,818.372,2.103,252.5
1/11/2022,14:04,10.49,8.31,818.307,1.495,219.7
1/11/2022,14:05,10.75,8.49,818.293,1.826,231.6
1/11/2022,14:06,10.97,9.19,818.301,2.825,253.5
1/11/2022,14:07,10.99,9.4,818.260,3.534,270.3
1/11/2022,14:08,10.93,9.63,818.207,3.61,267.8
1/11/2022,14:09,10.96,9.05,818.203,3.221,262.3
1/11/2022,14:10,11.04,8.81,818.120,4.09,288.2
1/11/2022,14:11,11.03,8.64,818.168,3.141,291.6
1/11/2022,14:12,11.05,9.38,818.168,2.267,273.2
1/11/2022,14:13,11.04,10.3,818.105,3.594,289.7
1/11/2022,14:14,11.04,10.41,818.086,3.143,278.8
1/11/2022,14:15,11.06,9.88,818.087,4.597,273.4
1/11/2022,14:16,11.06,9.72,818.102,4.382,283
1/11/2022,14:17,11.07,9.83,818.076,4.059,294.4
1/11/2022,14:18,11.14,9.53,818.109,3.162,288.4
1/11/2022,14:19,11.16,10.58,818.119,3.451,270.8
1/11/2022,14:20,11.17,10.1,818.140,3.256,252.7
1/11/2022,14:21,11.36,10.46,818.173,2.87,229.3
1/11/2022,14:22,11.48,11.43,818.236,2.967,239.8
1/11/2022,14:23,11.38,11.21,818.247,2.545,248
1/11/2022,14:24,11.39,11.02,818.222,2.119,248.4
1/11/2022,14:25,11.39,10.33,818.195,2.584,269.6
1/11/2022,14:26,11.47,10.44,818.204,2.881,248.6
1/11/2022,14:27,11.56,9.68,818.167,2.474,245.7
1/11/2022,14:28,11.83,10.44,818.182,1.595,201.3
1/11/2022,14:29,11.94,11.25,818.194,1.451,224.5
1/11/2022,14:30,11.81,10.56,818.189,0.651,233.7
1/11/2022,14:31,11.79,10.17,818.200,0.782,237.6
1/11/2022,14:32,11.8,9.2,818.177,0.715,276
1/11/2022,14:33,11.95,9.37,818.207,0.511,295.5
1/11/2022,14:34,11.93,9.78,818.189,0.654,352.6
1/11/2022,14:35,11.82,10.2,818.179,0.866,342.2
1/11/2022,14:36,11.87,9.2,818.179,0.942,230.3
1/11/2022,14:37,12.2,8.38,818.172,3.05,216.9
1/11/2022,14:38,12.18,7.395,818.135,2.654,254.2
1/11/2022,14:39,12.05,7.276,818.119,2.171,257.4
1/11/2022,14:40,11.93,8.53,818.078,2.694,282.5
1/11/2022,14:41,11.85,9.08,818.039,3.276,287.3
1/11/2022,14:42,11.75,8.9,818.032,3.58,277.7
1/11/2022,14:43,11.79,8.18,818.025,3.166,275
1/11/2022,14:44,11.85,7.585,818.045,2.392,279.9
1/11/2022,14:45,11.82,9,818.042,2.386,299
1/11/2022,14:46,11.93,7.986,818.040,3.167,302.4
1/11/2022,14:47,11.92,8.39,818.043,3.093,268.2
1/11/2022,14:48,11.91,7.935,818.071,2.338,278.6
1/11/2022,14:49,11.92,8.23,818.103,1.853,287.7
1/11/2022,14:50,11.96,9.22,818.159,2.078,304.3
1/11/2022,14:51,12.06,8.93,818.155,1.924,309.4
1/11/2022,14:52,12.18,8.27,818.167,1.511,301.6
1/11/2022,14:53,12.2,8.65,818.213,1.95,305.3
1/11/2022,14:54,12.19,8.51,818.232,2.272,325.3
1/11/2022,14:55,12.3,7.563,818.236,2.227,312.3
1/11/2022,14:56,12.28,8.4,818.268,1.764,293.1
1/11/2022,14:57,12.28,8.82,818.300,1.955,294
1/11/2022,14:58,12.28,8.18,818.305,1.885,294.7
1/11/2022,14:59,12.18,9.47,818.318,1.18,334.6
1/11/2022,15:00,11.94,9.91,818.314,1.046,354.7
1/11/2022,15:01,11.82,10.63,818.320,1.133,332.5
1/11/2022,15:02,12.05,9.03,818.323,0.571,304.4
1/11/2022,15:03,12.06,9.79,818.334,1.776,322.4
1/11/2022,15:04,12,9.36,818.323,1.553,330.5
1/11/2022,15:05,11.98,9.47,818.321,1.664,320.8
1/11/2022,15:06,11.99,9.98,818.335,1.989,336.2
1/11/2022,15:07,10.47,15.94,818.315,5.473,359.3
1/11/2022,15:08,8.16,25.97,818.343,3.625,346.8
1/11/2022,15:09,7.27,28.26,818.357,3.361,344.2
1/11/2022,15:10,6.912,30.64,818.396,3.02,341.1
1/11/2022,15:11,6.669,31.51,818.383,3.939,348.9
1/11/2022,15:12,6.47,32.96,818.413,2.892,340.6
1/11/2022,15:13,6.372,33.57,818.469,3.423,341.1
1/11/2022,15:14,6.236,33.98,818.477,2.367,358.9
1/11/2022,15:15,6.137,34.46,818.449,2.615,358.4
1/11/2022,15:16,6.107,34.45,818.458,2.516,357.2
1/11/2022,15:17,6.126,33.53,818.462,2.647,346.5
1/11/2022,15:18,6.202,32.83,818.440,2.166,338.3
1/11/2022,15:19,6.193,33.08,818.423,2.708,344.1
1/11/2022,15:20,6.231,32.45,818.379,1.786,354.9
1/11/2022,15:21,6.204,32.49,818.357,1.733,357.1
1/11/2022,15:22,6.268,33.04,818.307,1.441,342.7
1/11/2022,15:23,6.73,30.79,818.290,1.789,345
1/11/2022,15:24,7.113,28.43,818.256,1.927,328.6
1/11/2022,15:25,7.754,24.76,818.270,1.656,263.6
1/11/2022,15:26,8.01,25.18,818.318,1.974,227.8
1/11/2022,15:27,8.05,27.06,818.354,2.71,222.2
1/11/2022,15:28,7.995,28.5,818.365,2.627,220.4
1/11/2022,15:29,8.23,24.71,818.334,1.748,247.3
1/11/2022,15:30,8.57,21.13,818.301,1.841,300.8
1/11/2022,15:31,8.65,19.89,818.271,2.736,348.3
1/11/2022,15:32,8.75,18.55,818.253,2.202,333.4
1/11/2022,15:33,8.5,20.71,818.263,2.565,351.7
1/11/2022,15:34,7.284,26.41,818.250,4.07,6.617
1/11/2022,15:35,6.486,27.94,818.242,3.345,1.579
1/11/2022,15:36,6.235,28.51,818.236,2.683,358.6
1/11/2022,15:37,6.283,27.41,818.223,2.933,357.3
1/11/2022,15:38,6.284,27.65,818.215,3.564,1.392
1/11/2022,15:39,6.458,26.37,818.184,3.557,2.199
1/11/2022,15:40,6.628,25.74,818.171,3.055,2.253
1/11/2022,15:41,6.414,28.39,818.157,2.873,6.864
1/11/2022,15:42,6.29,29.25,818.165,3.008,6.042
1/11/2022,15:43,6.145,29.65,818.175,3.563,4.059
1/11/2022,15:44,6.058,29.75,818.147,2.193,355.8
1/11/2022,15:45,6.094,29.66,818.166,2.232,351.4
1/11/2022,15:46,6.209,28.82,818.156,2.098,346.3
1/11/2022,15:47,6.119,29.76,818.137,1.855,356.1
1/11/2022,15:48,5.993,30.15,818.125,1.734,352.4
1/11/2022,15:49,5.921,30.82,818.155,2.771,335.4
1/11/2022,15:50,5.854,31.44,818.175,3.047,339.4
1/11/2022,15:51,5.722,31.78,818.163,3.44,334.9
1/11/2022,15:52,5.61,31.97,818.173,3.471,334.5
1/11/2022,15:53,5.524,31.34,818.157,3.322,347.7
1/11/2022,15:54,5.434,31.12,818.165,3.047,348.3
1/11/2022,15:55,5.316,31.89,818.232,3.192,334.3
1/11/2022,15:56,5.197,32.62,818.215,2.164,348.3
1/11/2022,15:57,5.066,33.11,818.209,2.035,349.5
1/11/2022,15:58,4.852,34.53,818.236,2.102,347.1
1/11/2022,15:59,4.648,35.64,818.248,1.494,0.043
1/11/2022,16:00,4.673,35.69,818.308,0.703,274.1
1/11/2022,16:01,4.974,34.85,818.399,1.857,201.5
1/11/2022,16:02,5.197,33.71,818.443,1.972,206.1
1/11/2022,16:03,5.289,33.08,818.501,1.637,165.9
1/11/2022,16:04,5.188,33.26,818.504,1.671,138.9
1/11/2022,16:05,5.265,32.67,818.544,1.783,149
1/11/2022,16:06,5.652,30.13,818.562,2.686,231.4
1/11/2022,16:07,6.008,27.69,818.513,1.732,283.1
1/11/2022,16:08,6.457,25.31,818.478,3.66,315
1/11/2022,16:09,6.662,24.18,818.457,2.893,307
1/11/2022,16:10,6.876,23.1,818.442,3.423,305.6
1/11/2022,16:11,6.936,22.89,818.414,2.195,333.7
1/11/2022,16:12,6.482,25.75,818.376,2.003,357.1
1/11/2022,16:13,6.338,25.68,818.386,2.452,349
1/11/2022,16:14,6.264,25.61,818.423,3.03,335.3
1/11/2022,16:15,6.267,25.47,818.436,3.099,336.9
1/11/2022,16:16,5.891,27.96,818.445,3.402,332.3
1/11/2022,16:17,5.317,30.98,818.492,2.914,320.3
1/11/2022,16:18,5.095,31.41,818.569,3.083,299.9
1/11/2022,16:19,5.176,30.61,818.721,2.695,264.4
1/11/2022,16:20,5.292,29.62,818.856,2.431,246.1
1/11/2022,16:21,5.54,28.25,818.894,1.233,250.4
1/11/2022,16:22,5.501,28.39,818.897,0.584,290.9
1/11/2022,16:23,5.284,29.27,818.917,1.325,340.4
1/11/2022,16:24,5.221,28.63,818.923,1.84,350.1
1/11/2022,16:25,4.796,30.98,818.926,1.763,335.2
1/11/2022,16:26,4.526,31.9,818.933,1.504,294.9
1/11/2022,16:27,4.592,31.25,818.944,0.991,291.2
1/11/2022,16:28,4.695,30.83,818.968,0.916,299.2
1/11/2022,16:29,4.743,30.77,818.977,0.391,288.2
1/11/2022,16:30,4.384,32.09,819.022,0.369,284.2
1/11/2022,16:31,4.211,32.61,819.042,0.361,334.4
1/11/2022,16:32,4.489,31.57,819.048,0.369,0.004
1/11/2022,16:33,4.603,31.01,819.094,0.854,346.8
1/11/2022,16:34,4.634,30.85,819.105,1.262,7.359
1/11/2022,16:35,4.183,32.22,819.112,2.138,33.5
1/11/2022,16:36,4.154,32.09,819.071,2.588,34.2
1/11/2022,16:37,4.138,32.11,819.070,2.041,37.61
1/11/2022,16:38,4.182,32.21,819.127,1.574,20.39
1/11/2022,16:39,4.126,32.35,819.188,1.091,339.4
1/11/2022,16:40,4.002,32.97,819.248,1.846,331.4
1/11/2022,16:41,3.889,33.36,819.242,2.278,343.2
1/11/2022,16:42,3.714,33.91,819.253,2.435,358.1
1/11/2022,16:43,3.239,35.88,819.248,2.456,27.38
1/11/2022,16:44,3.349,35.52,819.247,2.199,36.89
1/11/2022,16:45,3.571,35.19,819.295,1.991,16.22
1/11/2022,16:46,3.565,35.44,819.371,2.12,357
1/11/2022,16:47,3.005,37.82,819.450,1.71,350.6
1/11/2022,16:48,2.86,38.13,819.498,1.679,5.167
1/11/2022,16:49,2.793,38.27,819.518,2.064,2.123
1/11/2022,16:50,2.663,38.86,819.506,1.962,3.938
1/11/2022,16:51,2.777,38.57,819.530,1.711,2.132
1/11/2022,16:52,2.657,39.21,819.555,1.603,352.2
1/11/2022,16:53,2.701,38.93,819.571,2.154,2.697
1/11/2022,16:54,2.738,39.12,819.566,2.093,21.88
1/11/2022,16:55,2.701,39.33,819.554,1.502,24.99
1/11/2022,16:56,2.676,39.73,819.578,1.672,355.3
1/11/2022,16:57,2.46,40.69,819.582,1.929,357.8
1/11/2022,16:58,2.555,40.59,819.537,1.902,12.99
1/11/2022,16:59,2.653,40.24,819.511,1.644,7.471
1/11/2022,17:00,2.53,40.68,819.544,1.844,336.2
1/11/2022,17:01,2.382,41.27,819.582,2.239,327.6
1/11/2022,17:02,2.391,41.6,819.584,2.35,333.7
1/11/2022,17:03,2.292,42.16,819.57,2.541,337.1
1/11/2022,17:04,2.16,42.69,819.567,2.285,333.5
1/11/2022,17:05,1.897,43.93,819.597,1.976,308.1
1/11/2022,17:06,1.961,44.11,819.620,2.17,283.6
1/11/2022,17:07,1.786,44.49,819.657,2.314,290.4
1/11/2022,17:08,1.589,44.73,819.632,2.118,311.8
1/11/2022,17:09,1.495,44.61,819.628,2.325,322.8
1/11/2022,17:10,1.496,44.44,819.622,2.321,327.9
1/11/2022,17:11,1.397,44.52,819.605,1.634,332.4
1/11/2022,17:12,1.432,44.17,819.602,1.172,314.3
1/11/2022,17:13,1.515,43.56,819.658,1.318,270.9
1/11/2022,17:14,1.563,43.69,819.663,1.608,249
1/11/2022,17:15,1.756,42.29,819.622,1.369,253.5
1/11/2022,17:16,1.986,41.47,819.557,0.965,246.4
1/11/2022,17:17,2.18,39.47,819.523,0.899,231.4
1/11/2022,17:18,2.238,39.62,819.515,1.125,244.9
1/11/2022,17:19,2.376,39.39,819.546,1.082,273.3
1/11/2022,17:20,2.461,39.04,819.553,1.006,292.5
1/11/2022,17:21,2.53,39.31,819.602,1.014,293.1
1/11/2022,17:22,2.546,38.39,819.618,0.877,292.5
1/11/2022,17:23,2.586,38.78,819.604,0.677,328.2
1/11/2022,17:24,2.559,38.84,819.572,1.084,316.9
1/11/2022,17:25,2.587,38.7,819.605,1.292,305.6
1/11/2022,17:26,2.49,39.12,819.601,1.411,289.8
1/11/2022,17:27,2.293,39.91,819.605,1.647,285.5
1/11/2022,17:28,2.379,38.53,819.612,1.325,293.8
1/11/2022,17:29,2.429,38.02,819.605,1.05,318.3
1/11/2022,17:30,2.494,37.77,819.660,1.553,316
1/11/2022,17:31,2.578,37.91,819.703,1.623,302.1
1/11/2022,17:32,2.615,37.95,819.706,1.113,299.9
1/11/2022,17:33,2.658,37.49,819.721,0.433,316.3
1/11/2022,17:34,2.492,37.63,819.771,0.566,309.3
1/11/2022,17:35,1.854,41.21,819.770,0.362,303.8
1/11/2022,17:36,1.768,40.81,819.758,0.368,340
1/11/2022,17:37,1.875,40.2,819.687,0.75,19.88
1/11/2022,17:38,1.804,40.89,819.66,0.933,6.053
1/11/2022,17:39,1.923,39.19,819.601,0.755,5.709
1/11/2022,17:40,2.097,39.01,819.528,0.695,3.373
1/11/2022,17:41,2.064,39.37,819.536,1.192,330.1
1/11/2022,17:42,1.733,40.23,819.551,1.45,305.9
1/11/2022,17:43,1.778,40.25,819.557,1.432,313.1
1/11/2022,17:44,2.022,39.88,819.577,1.359,315.2
1/11/2022,17:45,2.233,39.33,819.6,1.258,310.2
1/11/2022,17:46,2.362,38.95,819.601,0.947,285.5
1/11/2022,17:47,2.28,39.67,819.668,1.505,256.6
1/11/2022,17:48,2.043,40.49,819.698,2.195,250.5
1/11/2022,17:49,1.735,42.04,819.726,1.949,241.3
1/11/2022,17:50,1.486,43.44,819.735,1.783,235
1/11/2022,17:51,1.483,43.08,819.705,1.72,233.6
1/11/2022,17:52,1.776,41.68,819.707,1.775,247.1
1/11/2022,17:53,1.873,41.64,819.696,1.837,256.4
1/11/2022,17:54,1.961,41.63,819.701,1.235,257
1/11/2022,17:55,1.872,42.13,819.711,1.189,268.6
1/11/2022,17:56,2.199,40.59,819.709,0.957,264.7
1/11/2022,17:57,2.349,40.06,819.744,1.158,272.6
1/11/2022,17:58,2.442,39.52,819.797,1.684,272.4
1/11/2022,17:59,2.263,40.21,819.846,2.464,266.9
1/11/2022,18:00,1.903,41.69,819.857,2.196,265.6
1/11/2022,18:01,1.86,41.8,819.874,1.681,275.6
1/11/2022,18:02,1.971,41.44,819.869,1.621,280.5
1/11/2022,18:03,2.029,41.47,819.877,1.73,283.9
1/11/2022,18:04,1.977,41.79,819.840,1.611,284
1/11/2022,18:05,1.822,42.28,819.803,1.421,288.6
1/11/2022,18:06,1.588,42.95,819.778,1.485,295
1/11/2022,18:07,1.418,43.46,819.758,1.795,289.6
1/11/2022,18:08,1.636,42.55,819.713,2.545,278.7
1/11/2022,18:09,1.799,42.12,819.655,2.391,270.4
1/11/2022,18:10,1.5,43.92,819.628,1.907,276.5
1/11/2022,18:11,1.524,43.33,819.597,2.038,277.5
1/11/2022,18:12,1.632,42.76,819.594,1.863,281.1
1/11/2022,18:13,1.699,42.5,819.577,1.613,280.7
1/11/2022,18:14,1.815,41.6,819.545,1.493,277.8
1/11/2022,18:15,1.646,43.08,819.580,1.855,261.6
1/11/2022,18:16,1.404,43.37,819.616,2.134,253.6
1/11/2022,18:17,1.321,43.05,819.640,1.587,256.3
1/11/2022,18:18,1.594,41.64,819.645,1.471,269
1/11/2022,18:19,1.788,40.83,819.679,1.659,271.9
1/11/2022,18:20,1.873,40.78,819.685,1.948,258
1/11/2022,18:21,1.863,40.55,819.739,2.157,247.5
1/11/2022,18:22,1.694,41.74,819.784,2.285,239.1
1/11/2022,18:23,1.594,42.08,819.793,1.68,239.5
1/11/2022,18:24,1.218,44.27,819.793,1.312,254.1
1/11/2022,18:25,1.636,41.29,819.785,0.827,286.5
1/11/2022,18:26,1.984,40.21,819.749,0.516,294.3
1/11/2022,18:27,1.371,42.49,819.724,0.367,220.6
1/11/2022,18:28,1.182,43.26,819.721,0.366,228.1
1/11/2022,18:29,1.365,42.18,819.697,0.387,238.8
1/11/2022,18:30,1.597,40.7,819.671,0.673,227.7
1/11/2022,18:31,1.656,40.57,819.672,0.866,212.8
1/11/2022,18:32,1.555,41.83,819.699,1.425,199.9
1/11/2022,18:33,1.503,41.92,819.690,2.105,200.4
1/11/2022,18:34,1.607,41.37,819.690,1.932,195.2
1/11/2022,18:35,1.028,43.86,819.686,1.974,193.3
1/11/2022,18:36,0.845,44.54,819.726,1.71,206.4
1/11/2022,18:37,1.165,43.23,819.749,1.001,227.3
1/11/2022,18:38,1.844,39.69,819.767,0.729,277
1/11/2022,18:39,1.822,41.43,819.798,1.305,305.1
1/11/2022,18:40,1.406,43.93,819.838,1.78,281.4
1/11/2022,18:41,0.909,45.12,819.848,1.255,248.9
1/11/2022,18:42,1.126,43.57,819.816,1.409,225.4
1/11/2022,18:43,1.495,42.02,819.792,1.3,232.6
1/11/2022,18:44,1.545,43.16,819.763,0.742,222
1/11/2022,18:45,1.466,42.83,819.735,0.39,210.7
1/11/2022,18:46,1.581,42.07,819.752,0.369,172.2
1/11/2022,18:47,1.906,40.1,819.761,0.37,149
1/11/2022,18:48,2.083,39.55,819.813,0.763,215.9
1/11/2022,18:49,2.067,39.81,819.880,2.099,241.5
1/11/2022,18:50,1.381,44.1,819.896,2.483,243.3
1/11/2022,18:51,1.118,44.56,819.905,2.586,233.2
1/11/2022,18:52,1.285,43.48,819.875,1.897,217.2
1/11/2022,18:53,1.925,40.23,819.857,1.077,209.4
1/11/2022,18:54,2.215,38.63,819.864,0.906,211.6
1/11/2022,18:55,1.762,41.01,819.907,2.303,222.3
1/11/2022,18:56,0.848,44.65,819.915,1.708,237.4
1/11/2022,18:57,1.105,44.69,819.864,0.844,225.4
1/11/2022,18:58,1.505,43.03,819.798,0.543,195.4
1/11/2022,18:59,1.697,41.37,819.795,0.853,215.9
1/11/2022,19:00,1.786,40.95,819.812,1.546,235.9
1/11/2022,19:01,1.978,39.99,819.805,1.403,236.9
1/11/2022,19:02,2.14,39.99,819.785,0.808,242.8
1/11/2022,19:03,2.339,39.4,819.759,0.366,246
1/11/2022,19:04,2.573,38.5,819.734,0.363,155.6
1/11/2022,19:05,2.509,38.51,819.742,0.364,131.2
1/11/2022,19:06,2.488,38.48,819.811,0.476,256.3
1/11/2022,19:07,2.187,39.95,819.829,1.477,305.8
1/11/2022,19:08,2.124,39.47,819.795,0.998,114.8
1/11/2022,19:09,1.956,39.76,819.707,3.056,173.8
1/11/2022,19:10,0.607,44.8,819.713,1.945,228.9
1/11/2022,19:11,0.851,44.49,819.808,2.207,256.8
1/11/2022,19:12,2.007,39.61,819.846,0.876,204.6
1/11/2022,19:13,2.577,36.85,819.775,1.014,99.4
1/11/2022,19:14,2.214,38.87,819.742,1.26,84.9
1/11/2022,19:15,2.32,38.62,819.752,0.48,157.5
1/11/2022,19:16,2.473,37.48,819.713,0.787,119.4
1/11/2022,19:17,2.856,35.29,819.795,0.483,18.84
1/11/2022,19:18,2.908,34.84,819.830,0.983,321.4
1/11/2022,19:19,3.388,31.79,819.810,0.698,306.9
1/11/2022,19:20,4.591,26.38,819.773,1.056,314.3
1/11/2022,19:21,4.874,25.1,819.847,2.437,325.3
1/11/2022,19:22,4.607,26.72,819.703,1.69,20.74
1/11/2022,19:23,3.609,31.16,819.688,0.492,49.14
1/11/2022,19:24,3.187,32.75,819.683,1.066,294.8
1/11/2022,19:25,3.643,30.07,819.654,0.813,299.9
1/11/2022,19:26,5.078,22.55,819.676,1.025,86.8
1/11/2022,19:27,5.436,21.52,819.666,1.485,28.13
1/11/2022,19:28,4.709,25.22,819.677,1.895,48.81
1/11/2022,19:29,5.278,23.36,819.606,3.535,74.78
1/11/2022,19:30,5.285,23.72,819.573,3.158,54.74
1/11/2022,19:31,4.808,25.55,819.619,1.918,74.15
1/11/2022,19:32,4.325,28.14,819.557,1.841,72.49
1/11/2022,19:33,3.728,30.49,819.584,1.559,80.6
1/11/2022,19:34,3.253,32.38,819.595,1.771,56.01
1/11/2022,19:35,2.438,36.2,819.587,2.214,82.9
1/11/2022,19:36,1.967,38.25,819.577,2.051,88.9
1/11/2022,19:37,1.525,39.93,819.620,1.231,89.4
1/11/2022,19:38,1.61,38.75,819.633,2.502,71.41
1/11/2022,19:39,2.357,35.99,819.584,3.587,87.8
1/11/2022,19:40,2.474,36.64,819.540,4.554,102.7
1/11/2022,19:41,2.441,37.32,819.572,2.526,84.7
1/11/2022,19:42,2.389,37.22,819.627,2.786,46.49
1/11/2022,19:43,2.44,37.09,819.647,2.512,97.9
1/11/2022,19:44,2.174,38.71,819.680,1.356,109.6
1/11/2022,19:45,2.399,36.76,819.699,0.818,95.7
1/11/2022,19:46,2.526,35.69,819.667,0.374,162
1/11/2022,19:47,2.559,35.18,819.684,0.361,156.9
1/11/2022,19:48,2.697,34.1,819.705,0.675,51.57
1/11/2022,19:49,3.028,33.1,819.720,1.696,33.03
1/11/2022,19:50,3.202,32.13,819.655,2.299,22.15
1/11/2022,19:51,2.751,32.59,819.599,2.252,10.4
1/11/2022,19:52,3.239,30.68,819.496,1.213,48.4
1/11/2022,19:53,3.196,30.62,819.443,0.946,25.27
1/11/2022,19:54,2.992,31.22,819.409,0.867,24.53
1/11/2022,19:55,3.281,30.8,819.372,0.659,70.45
1/11/2022,19:56,3.846,29.35,819.307,0.559,109
1/11/2022,19:57,4.223,28.14,819.271,0.659,129
1/11/2022,19:58,3.925,28.67,819.247,0.799,181
1/11/2022,19:59,2.951,32.16,819.240,1.893,233.1
1/11/2022,20:00,3.015,31.56,819.224,1.762,266.1
1/11/2022,20:01,2.457,34.96,819.212,1.815,252.3
1/11/2022,20:02,2.568,34.17,819.189,1.581,229.7
1/11/2022,20:03,2.384,35.1,819.182,2.035,215.2
1/11/2022,20:04,1.774,37.57,819.176,2.962,214.4
1/11/2022,20:05,1.921,36.33,819.143,2.868,205.7
1/11/2022,20:06,2.484,33.05,819.084,1.334,190.7
1/11/2022,20:07,2.64,32.46,819.043,1.701,227.2
1/11/2022,20:08,2.981,31.34,819.064,2.091,216.4
1/11/2022,20:09,3.371,29.5,819.021,1.665,209
1/11/2022,20:10,3.524,28.39,818.993,1.406,200
1/11/2022,20:11,4.369,24.65,818.968,1.629,209.4
1/11/2022,20:12,4.987,22.32,818.930,1.813,227.2
1/11/2022,20:13,5.195,22.08,818.866,2.006,210
1/11/2022,20:14,4.112,27.04,818.850,2.527,191.5
1/11/2022,20:15,3.74,27.7,818.825,2.443,184.5
1/11/2022,20:16,3.169,29.91,818.791,2.604,187.6
1/11/2022,20:17,3.723,26.68,818.759,1.666,192.1
1/11/2022,20:18,3.914,26.04,818.738,2.01,168.6
1/11/2022,20:19,4.737,22.86,818.718,1.281,153.2
1/11/2022,20:20,5.296,21.15,818.691,1.485,156.6
1/11/2022,20:21,5.342,21.02,818.687,1.337,166.7
1/11/2022,20:22,4.95,22.38,818.655,0.756,154.1
1/11/2022,20:23,3.909,25.86,818.666,1.49,176.9
1/11/2022,20:24,3.783,25.83,818.638,2.095,161.5
1/11/2022,20:25,3.555,26.95,818.593,1.406,163.6
1/11/2022,20:26,3.587,26.66,818.628,1.147,143.4
1/11/2022,20:27,4.408,22.98,818.585,0.932,135.5
1/11/2022,20:28,4.2,24.67,818.537,1.593,101.6
1/11/2022,20:29,4.14,24.47,818.572,1.078,167.3
1/11/2022,20:30,3.992,25.03,818.62,1.232,321.5
1/11/2022,20:31,5.276,20.73,818.624,1.566,8.62
1/11/2022,20:32,6.414,19.16,818.531,4.573,318.4
1/11/2022,20:33,7.626,17.35,818.493,6.044,287.6
1/11/2022,20:34,7.835,18.32,818.532,4.737,279.3
1/11/2022,20:35,8.03,18.09,818.591,4.727,284.2
1/11/2022,20:36,8.35,16.89,818.537,5.549,286.6
1/11/2022,20:37,8.34,17.22,818.563,5.331,277.4
1/11/2022,20:38,8.43,16.99,818.526,6.422,283.7
1/11/2022,20:39,8.38,17.27,818.570,6.769,278.8
1/11/2022,20:40,8.44,17.16,818.539,8.59,272.8
1/11/2022,20:41,8.63,16.41,818.536,7.232,272.1
1/11/2022,20:42,8.53,16.71,818.571,5.176,289.3
1/11/2022,20:43,8.19,17.6,818.584,4.356,299.3
1/11/2022,20:44,7.989,17.66,818.633,4.611,312
1/11/2022,20:45,7.607,18.35,818.652,4.634,340.8
1/11/2022,20:46,7.273,19.03,818.655,4.719,311.8
1/11/2022,20:47,7.822,17.33,818.561,6.857,303.1
1/11/2022,20:48,8.02,17.16,818.659,5.02,311.3
1/11/2022,20:49,8,17.12,818.714,4.86,317.9
1/11/2022,20:50,8.12,16.94,818.628,5.17,307.3
1/11/2022,20:51,8.07,17.2,818.548,5.148,325.3
1/11/2022,20:52,7.754,18,818.678,3.771,311.6
1/11/2022,20:53,7.734,17.83,818.604,4.529,312.3
1/11/2022,20:54,7.993,17.31,818.546,5.606,301.9
1/11/2022,20:55,8.08,17.14,818.567,4.361,297.4
1/11/2022,20:56,8.04,17.55,818.574,4.473,288.1
1/11/2022,20:57,7.958,18.21,818.526,6.01,290.1
1/11/2022,20:58,8.18,17.52,818.557,5.301,287.2
1/11/2022,20:59,8.09,18.25,818.533,7.224,282
1/11/2022,21:00,8.18,18.09,818.470,6.741,277
1/11/2022,21:01,8.14,18.26,818.431,7.133,276.3
1/11/2022,21:02,8.19,18.16,818.404,8,270.3
1/11/2022,21:03,8.18,18.05,818.449,6.724,283.5
1/11/2022,21:04,8.09,17.96,818.479,5.395,292.5
1/11/2022,21:05,7.921,18.71,818.473,6.128,285.5
1/11/2022,21:06,8.06,18.48,818.517,7.097,271.2
1/11/2022,21:07,8.21,18.03,818.526,6.579,270.5
1/11/2022,21:08,8.21,18.18,818.459,7.006,294.9
1/11/2022,21:09,8.27,18.11,818.526,6.186,281.1
1/11/2022,21:10,8.2,18.57,818.528,6.241,278.7
1/11/2022,21:11,8.13,18.8,818.549,5.622,283.1
1/11/2022,21:12,7.914,19.5,818.574,6.235,274.6
1/11/2022,21:13,7.979,19.28,818.555,6.389,293.3
1/11/2022,21:14,8.03,18.83,818.596,5.881,272.7
1/11/2022,21:15,8.1,18.91,818.629,6.941,271.5
1/11/2022,21:16,8.28,18.56,818.647,6.548,263.9
1/11/2022,21:17,8.18,18.96,818.690,4.546,273.5
1/11/2022,21:18,8.02,19.45,818.723,5.786,272.5
1/11/2022,21:19,8.15,18.75,818.685,5.834,265.3
1/11/2022,21:20,8.32,18.22,818.682,6.621,265.5
1/11/2022,21:21,8.44,17.76,818.730,5.719,266
1/11/2022,21:22,8.45,17.76,818.742,5.816,268.2
1/11/2022,21:23,8.46,17.96,818.763,6.261,266.1
1/11/2022,21:24,8.54,17.89,818.810,5.01,270.5
1/11/2022,21:25,8.37,18.51,818.836,5.746,279
1/11/2022,21:26,8.61,17.61,818.806,4.814,273.7
1/11/2022,21:27,8.36,18.51,818.839,3.652,268.3
1/11/2022,21:28,8.15,18.96,818.820,4.509,276.3
1/11/2022,21:29,8.08,19.11,818.811,4.753,269.5
1/11/2022,21:30,8.16,18.51,818.809,4.115,264.5
1/11/2022,21:31,8.2,18.31,818.779,4.824,270.7
1/11/2022,21:32,8.08,19.13,818.791,4.836,280.3
1/11/2022,21:33,8.15,18.82,818.787,5.793,276.6
1/11/2022,21:34,8.38,18.26,818.793,4.632,277.5
1/11/2022,21:35,8.22,19.04,818.767,5.317,292.8
1/11/2022,21:36,8.51,17.97,818.754,5.865,254.8
1/11/2022,21:37,8.78,17.26,818.775,4.616,266.9
1/11/2022,21:38,8.58,18.38,818.757,5.186,287
1/11/2022,21:39,8.35,18.84,818.740,4.323,298.6
1/11/2022,21:40,8.25,18.72,818.694,4.195,287.6
1/11/2022,21:41,8.2,18.66,818.662,4.893,277.3
1/11/2022,21:42,7.961,19.59,818.623,3.97,284.5
1/11/2022,21:43,7.723,20.07,818.591,3.875,291
1/11/2022,21:44,7.525,20.22,818.568,3.241,278.4
1/11/2022,21:45,7.3,20.92,818.553,3.96,275.9
1/11/2022,21:46,7.516,20.09,818.589,3.571,294.5
1/11/2022,21:47,7.735,19.2,818.557,4.556,276.4
1/11/2022,21:48,7.965,18.82,818.543,4.492,297.1
1/11/2022,21:49,8.03,18.74,818.503,4.315,299.2
1/11/2022,21:50,8.02,18.77,818.471,3.247,293.2
1/11/2022,21:51,7.944,18.8,818.468,3.514,293.2
1/11/2022,21:52,7.872,18.9,818.483,3.589,293
1/11/2022,21:53,8.02,18.51,818.429,4.495,290.7
1/11/2022,21:54,7.963,18.9,818.476,3.415,288.4
1/11/2022,21:55,7.859,19.25,818.486,3.706,285.2
1/11/2022,21:56,7.951,18.92,818.502,3.691,301.3
1/11/2022,21:57,8.08,18.33,818.448,3.359,330.4
1/11/2022,21:58,7.994,18.6,818.454,4.325,296.7
1/11/2022,21:59,7.991,18.56,818.479,3.379,283.3
1/11/2022,22:00,7.997,18.71,818.435,5.075,282.8
1/11/2022,22:01,8.15,18.48,818.343,5.665,288.2
1/11/2022,22:02,8.12,18.89,818.315,7.01,284.7
1/11/2022,22:03,8.42,17.82,818.261,6.988,299.2
1/11/2022,22:04,8.42,18.14,818.326,5.793,301
1/11/2022,22:05,8.41,17.98,818.278,5.867,290.1
1/11/2022,22:06,8.3,18.44,818.28,5.364,290
1/11/2022,22:07,8.15,18.99,818.290,5.821,286.9
1/11/2022,22:08,8.07,19.24,818.223,5.362,288.3
1/11/2022,22:09,7.885,19.99,818.229,5.499,283.8
1/11/2022,22:10,7.817,20.08,818.290,5.848,294.6
1/11/2022,22:11,8.1,18.66,818.282,6.358,306.9
1/11/2022,22:12,8.1,18.88,818.349,5.795,279.1
1/11/2022,22:13,7.849,19.94,818.388,5.355,280
1/11/2022,22:14,7.749,19.86,818.349,4.6,288.2
1/11/2022,22:15,7.728,19.84,818.283,5.333,280.9
1/11/2022,22:16,7.829,19.68,818.279,5.33,290.4
1/11/2022,22:17,7.854,19.4,818.296,3.334,283.8
1/11/2022,22:18,7.621,20.11,818.289,4.318,285.8
1/11/2022,22:19,7.694,19.71,818.24,6.128,281.3
1/11/2022,22:20,8.08,18.85,818.203,5.619,284.8
1/11/2022,22:21,7.977,19.41,818.281,3.921,282.4
1/11/2022,22:22,7.777,19.82,818.280,4.056,296.3
1/11/2022,22:23,7.916,19.06,818.217,5.291,284.9
1/11/2022,22:24,8.13,18.81,818.188,6.08,287.9
1/11/2022,22:25,8.4,18.43,818.102,7.034,270.7
1/11/2022,22:26,8.68,17.92,818.058,7.37,274.7
1/11/2022,22:27,8.54,18.82,818.062,5.886,280.6
1/11/2022,22:28,8.33,19.15,818.120,4.97,284.1
1/11/2022,22:29,8.45,18.56,818.080,6.906,272.2
1/11/2022,22:30,8.45,18.59,818.157,3.934,296.8
1/11/2022,22:31,8.38,18.57,818.214,3.493,292.9
1/11/2022,22:32,8.28,18.58,818.191,4.449,301.9
1/11/2022,22:33,8.15,18.85,818.227,3.688,307.2
1/11/2022,22:34,8.26,18.13,818.222,3.913,312.3
1/11/2022,22:35,8.18,18.43,818.287,2.606,306.9
1/11/2022,22:36,7.88,19.18,818.331,2.606,307.8
1/11/2022,22:37,7.804,19.27,818.310,3.385,314.3
1/11/2022,22:38,8.14,18.58,818.331,2.793,343.1
1/11/2022,22:39,8.55,17.49,818.280,2.395,348.3
1/11/2022,22:40,8.47,17.92,818.272,2.58,339.8
1/11/2022,22:41,8.25,18.32,818.216,2.724,318
1/11/2022,22:42,8.25,18.29,818.172,4.353,328
1/11/2022,22:43,8.58,17.64,818.174,3.596,312.2
1/11/2022,22:44,8.74,17.23,818.168,2.614,323.1
1/11/2022,22:45,8.83,16.85,818.152,2.449,318.1
1/11/2022,22:46,8.5,17.79,818.130,2.614,304.6
1/11/2022,22:47,8.1,18.84,818.065,1.609,300.4
1/11/2022,22:48,8.04,18.69,818.108,2.168,325.4
1/11/2022,22:49,7.8,19.36,818.164,2.452,315.2
1/11/2022,22:50,7.847,19.27,818.172,3.91,302.6
1/11/2022,22:51,8.47,17.91,818.108,5.286,294.9
1/11/2022,22:52,8.61,18.32,818.207,6.039,286.9
1/11/2022,22:53,8.86,17.44,818.183,3.728,288.5
1/11/2022,22:54,8.7,17.94,818.221,2.677,329.6
1/11/2022,22:55,8.76,17.56,818.192,2.329,346.5
1/11/2022,22:56,8.38,18.58,818.268,2.364,343.5
1/11/2022,22:57,8.19,18.89,818.261,2.793,354.4
1/11/2022,22:58,8.39,18.29,818.237,3.249,346.7
1/11/2022,22:59,8.25,18.87,818.248,3.247,319.4
1/11/2022,23:00,8.44,18.48,818.313,3.775,296.2
1/11/2022,23:01,8.63,18.09,818.192,2.705,310
1/11/2022,23:02,8.75,17.84,818.166,2.398,299
1/11/2022,23:03,8.49,18.91,818.199,2.71,352.6
1/11/2022,23:04,8.21,19.42,818.247,3.639,344.6
1/11/2022,23:05,7.557,21.32,818.296,3.358,335.8
1/11/2022,23:06,7.089,22.39,818.305,2.676,313.8
1/11/2022,23:07,7.353,21.29,818.328,2.718,348.3
1/11/2022,23:08,7.334,21.71,818.200,3.073,335.7
1/11/2022,23:09,7.773,20.51,818.188,4.598,334
1/11/2022,23:10,8.25,19.18,818.182,4.024,326.8
1/11/2022,23:11,8.09,19.82,818.276,3.49,328.1
1/11/2022,23:12,7.648,20.96,818.284,2.554,321.7
1/11/2022,23:13,7.458,20.91,818.340,2.793,314.2
1/11/2022,23:14,7.448,20.56,818.324,2.871,358.2
1/11/2022,23:15,7.457,20.62,818.352,2.918,4.562
1/11/2022,23:16,7.283,21.25,818.399,1.951,341.8
1/11/2022,23:17,7.124,21.76,818.425,2.504,14.2
1/11/2022,23:18,7.375,20.32,818.412,1.858,21.53
1/11/2022,23:19,7.198,21.13,818.398,1.633,18.94
1/11/2022,23:20,7.213,20.57,818.435,1.977,31.5
1/11/2022,23:21,6.872,21.75,818.471,2.199,57.4
1/11/2022,23:22,6.458,23.17,818.491,1.96,7.147
1/11/2022,23:23,6.324,23.39,818.584,2.131,20.91
1/11/2022,23:24,6.82,21.34,818.604,2.502,17.7
1/11/2022,23:25,7.019,20.86,818.628,2.167,357.3
1/11/2022,23:26,7.245,20.25,818.627,2.135,337.2
1/11/2022,23:27,7.303,20.18,818.640,1.974,1.874
1/11/2022,23:28,7.029,20.87,818.701,2.763,354.6
1/11/2022,23:29,6.906,20.99,818.690,2.717,358.4
1/11/2022,23:30,6.808,21.31,818.669,1.723,340.4
1/11/2022,23:31,6.81,20.96,818.784,1.851,297.7
1/11/2022,23:32,6.75,21.06,818.813,1.5,309.6
1/11/2022,23:33,6.741,21.01,818.754,1.525,323.2
1/11/2022,23:34,6.81,20.64,818.776,2.033,302.4
1/11/2022,23:35,6.787,20.8,818.759,2.015,296.3
1/11/2022,23:36,6.566,21.67,818.745,1.92,301.8
1/11/2022,23:37,6.526,21.5,818.736,2.036,307.8
1/11/2022,23:38,6.647,21.07,818.686,2.42,301.8
1/11/2022,23:39,6.868,20.56,818.653,2.443,300.7
1/11/2022,23:40,7.049,20.18,818.631,2.717,298.5
1/11/2022,23:41,7.009,20.39,818.670,2.411,298.4
1/11/2022,23:42,6.931,20.57,818.685,3.018,296.7
1/11/2022,23:43,6.796,20.98,818.627,2.624,297.1
1/11/2022,23:44,6.539,21.96,818.608,2.819,319.3
1/11/2022,23:45,6.007,23.71,818.632,2.889,338.7
1/11/2022,23:46,5.272,25.83,818.615,2.488,344
1/11/2022,23:47,5.493,24.23,818.592,2.731,340.6
1/11/2022,23:48,5.541,23.95,818.624,2.345,319.1
1/11/2022,23:49,5.22,24.99,818.627,2.01,297
1/11/2022,23:50,5.087,25.11,818.643,2.01,284.6
1/11/2022,23:51,5.187,24.62,818.649,1.985,314
1/11/2022,23:52,5.3,24.07,818.651,1.784,297.9
1/11/2022,23:53,5.319,23.87,818.691,1.637,320.6
1/11/2022,23:54,4.997,24.7,818.699,0.884,333.9
1/11/2022,23:55,5.062,24.15,818.720,1.141,305
1/11/2022,23:56,5.031,24.34,818.720,1.089,311.7
1/11/2022,23:57,5.179,23.63,818.677,1.332,309.9
1/11/2022,23:58,5.149,23.62,818.652,1.317,286.1
1/11/2022,23:59,5.073,24.22,818.593,0.713,257.9
